{"q_values": {"(0, -8, 0, -9)": [-0.0021756164729595183, 0.0, 0.0], "(0, -8, -1, -11)": [0.0, 0.0, -0.0011170053482055665], "(0, -7, 0, -9)": [-0.00014895948022604008, 0.0, 0.0], "(0, -7, 0, -7)": [0.000736927593499422, 0.0, 0.0], "(0, -7, 0, -5)": [0.001545720715597272, 0.0, 0.0], "(0, -6, 0, -3)": [0.002282154823191464, 0.0029506029321379958, 0.0], "(0, -6, 0, -4)": [0.0, 0.005058984191797476, 0.0035559516370559487], "(0, -6, 0, -5)": [0.0, 0.00460386577754363, 0.0041046911823986254], "(0, -5, 0, -4)": [0.0, 0.015897949491846555, 0.007058827546399227], "(0, -5, 0, -3)": [0.007297252797032647, 0.012658102613712665, 0.0], "(0, -4, 0, -4)": [0.0, 0.014840203367654663, 0.015553558826127016], "(0, -4, 0, -2)": [0.008064991398372134, 0.0, 0.008697466102731127], "(0, -4, 0, 0)": [0.008218439870671524, 0.0, 0.008595865858640823], "(0, -4, 0, -1)": [0.0, 0.0, 0.008357361103829229], "(0, -4, 0, 1)": [0.008482748214068846, 0.0, 0.0], "(0, -4, -1, -5)": [0.0, 0.0, 0.008874982413866557], "(0, -3, 0, -4)": [0.008954880223171506, 0.017548852367467598, 0.0], "(0, -3, 0, -2)": [0.01752079493097462, 0.017473699842642874, 0.0], "(0, -3, 0, -3)": [0.0, 0.0, 0.017729675130454575], "(0, -2, 0, -2)": [0.00946318034609229, 0.0, 0.0], "(0, -2, 0, 0)": [0.009501864549786486, 0.0, 0.0]}, "n_values": {"(0, -8, 0, -9)": [1.0, 0.0, 0.0], "(0, -8, -1, -11)": [0.0, 0.0, 1.0], "(0, -7, 0, -9)": [1.0, 0.0, 0.0], "(0, -7, 0, -7)": [1.0, 0.0, 0.0], "(0, -7, 0, -5)": [1.0, 0.0, 0.0], "(0, -6, 0, -3)": [1.0, 1.0, 0.0], "(0, -6, 0, -4)": [0.0, 1.0, 1.0], "(0, -6, 0, -5)": [0.0, 1.0, 1.0], "(0, -5, 0, -4)": [0.0, 3.0, 1.0], "(0, -5, 0, -3)": [1.0, 2.0, 0.0], "(0, -4, 0, -4)": [0.0, 2.0, 2.0], "(0, -4, 0, -2)": [1.0, 0.0, 1.0], "(0, -4, 0, 0)": [1.0, 0.0, 1.0], "(0, -4, 0, -1)": [0.0, 0.0, 1.0], "(0, -4, 0, 1)": [1.0, 0.0, 0.0], "(0, -4, -1, -5)": [0.0, 0.0, 1.0], "(0, -3, 0, -4)": [1.0, 2.0, 0.0], "(0, -3, 0, -2)": [2.0, 2.0, 0.0], "(0, -3, 0, -3)": [0.0, 0.0, 2.0], "(0, -2, 0, -2)": [1.0, 0.0, 0.0], "(0, -2, 0, 0)": [1.0, 0.0, 0.0]}}