{"q_values": {"(5, 4, 24, 40)": [0.0, -0.002191855385899544, 0.0, 0.0, 0.0], "(5, 4, 22, 37)": [0.0, 0.0, 0.0, -0.00133122069016099, 0.0], "(4, 3, 20, 33)": [0.0, 0.0, 0.0, -0.00044953688856214286, 0.0], "(4, 3, 22, 35)": [0.0, 0.0, 0.0004477285844337196, 0.0, 0.0], "(4, 3, 20, 31)": [0.0, 0.0, 0.0, 0.0013571663366982083, 0.0], "(4, 2, 17, 27)": [0.0, 0.0, 0.0, 0.0022760382809297697, 0.0], "(4, 2, 10, 17)": [0.0, 0.0, 0.0, 0.0, 0.003200242966699192], "(3, 2, 15, 24)": [0.0, 0.004125218813404156, 0.0, 0.0, 0.0], "(3, 2, 12, 19)": [0.0, 0.0, 0.0, 0.005048818582084642, 0.0], "(3, 1, 17, 27)": [0.0, 0.005970907115041214, 0.0, 0.0, 0.0], "(3, 1, 11, 16)": [0.0, 0.0, 0.0, 0.0, 0.006890694582529871], "(3, 1, 11, 17)": [0.0, 0.0, 0.007807118445612319, 0.0, 0.0], "(3, 1, 8, 12)": [0.0, 0.0, 0.0, 0.008718118168391341, 0.0], "(3, 1, 9, 13)": [0.0, 0.0, 0.009622922933601119, 0.0, 0.0], "(3, 1, 5, 8)": [0.0, 0.0, 0.0, 0.010520765720593682, 0.0], "(3, 1, 10, 14)": [0.0, 0.011411165830641858, 0.0, 0.0, 0.0], "(2, 0, 11, 16)": [0.0, 0.0, 0.012293957688687615, 0.0, 0.0], "(2, 0, 7, 11)": [0.0, 0.0, 0.0, 0.01316936406055648, 0.0], "(2, 0, 12, 18)": [0.0, 0.014036930648078157, 0.0, 0.0, 0.0], "(2, 0, 5, 7)": [0.0, 0.0, 0.0, 0.0, 0.014896379431946811], "(2, 0, 9, 14)": [0.0, 0.015747415429011088, 0.0, 0.0, 0.0], "(2, 0, 14, 21)": [0.0, 0.01658985482563431, 0.0, 0.0, 0.0], "(2, 0, 15, 23)": [0.0, 0.0, 0.01742326996342099, 0.0, 0.0], "(2, -1, 9, 13)": [0.0, 0.0, 0.0, 0.0, 0.018246716944372642], "(2, -1, 9, 14)": [0.0, 0.0, 0.019059798496331798, 0.0, 0.0], "(2, -1, 14, 21)": [0.0, 0.01986281850794193, 0.0, 0.0, 0.0], "(1, -1, 7, 11)": [0.0, 0.0, 0.0, 0.0, 0.020654774256752377], "(1, -1, 0, 0)": [0.0, 0.0, 0.0, 0.0, 0.02143522597374954]}, "n_values": {"(5, 4, 24, 40)": [0.0, 1.0, 0.0, 0.0, 0.0], "(5, 4, 22, 37)": [0.0, 0.0, 0.0, 1.0, 0.0], "(4, 3, 20, 33)": [0.0, 0.0, 0.0, 1.0, 0.0], "(4, 3, 22, 35)": [0.0, 0.0, 1.0, 0.0, 0.0], "(4, 3, 20, 31)": [0.0, 0.0, 0.0, 1.0, 0.0], "(4, 2, 17, 27)": [0.0, 0.0, 0.0, 1.0, 0.0], "(4, 2, 10, 17)": [0.0, 0.0, 0.0, 0.0, 1.0], "(3, 2, 15, 24)": [0.0, 1.0, 0.0, 0.0, 0.0], "(3, 2, 12, 19)": [0.0, 0.0, 0.0, 1.0, 0.0], "(3, 1, 17, 27)": [0.0, 1.0, 0.0, 0.0, 0.0], "(3, 1, 11, 16)": [0.0, 0.0, 0.0, 0.0, 1.0], "(3, 1, 11, 17)": [0.0, 0.0, 1.0, 0.0, 0.0], "(3, 1, 8, 12)": [0.0, 0.0, 0.0, 1.0, 0.0], "(3, 1, 9, 13)": [0.0, 0.0, 1.0, 0.0, 0.0], "(3, 1, 5, 8)": [0.0, 0.0, 0.0, 1.0, 0.0], "(3, 1, 10, 14)": [0.0, 1.0, 0.0, 0.0, 0.0], "(2, 0, 11, 16)": [0.0, 0.0, 1.0, 0.0, 0.0], "(2, 0, 7, 11)": [0.0, 0.0, 0.0, 1.0, 0.0], "(2, 0, 12, 18)": [0.0, 1.0, 0.0, 0.0, 0.0], "(2, 0, 5, 7)": [0.0, 0.0, 0.0, 0.0, 1.0], "(2, 0, 9, 14)": [0.0, 1.0, 0.0, 0.0, 0.0], "(2, 0, 14, 21)": [0.0, 1.0, 0.0, 0.0, 0.0], "(2, 0, 15, 23)": [0.0, 0.0, 1.0, 0.0, 0.0], "(2, -1, 9, 13)": [0.0, 0.0, 0.0, 0.0, 1.0], "(2, -1, 9, 14)": [0.0, 0.0, 1.0, 0.0, 0.0], "(2, -1, 14, 21)": [0.0, 1.0, 0.0, 0.0, 0.0], "(1, -1, 7, 11)": [0.0, 0.0, 0.0, 0.0, 1.0], "(1, -1, 0, 0)": [0.0, 0.0, 0.0, 0.0, 1.0]}}