{"q_values": {"(0, 0, 0, 0)": [0.09634215515174861, 0.09669528691599243, 0.09690534995376753, 0.0969026256565638, 0.09685448125363023], "(0, 0, 1, 1)": [0.09730834736677647, 0.09675559198300002, 0.09662489741889208, 0.09648944421734021, 0.09504166054557918], "(0, 0, 1, 2)": [0.09041952244469131, 0.09235464905521222, 0.0958465066176815, 0.09183804903187481, 0.08570637719359141], "(0, 0, 2, 2)": [0.09298086543288424, 0.09618606479434824, 0.09554288259961671, 0.09542293630191673, 0.08979695745546917], "(0, 0, 2, 3)": [0.09030128042417003, 0.09057897920701287, 0.09223238890873975, 0.08422525760197862, 0.062261744159328614], "(0, 0, 2, 4)": [0.06790115647576053, 0.08746251549774992, 0.08161824538725213, 0.056581891862616265, 0.04005803892540424], "(0, 0, 0, 1)": [0.09493001917336846, 0.09518817586775102, 0.09632011910750558, 0.09053394407753525, 0.09277514208289167], "(0, 0, -1, -2)": [0.09195257925057096, 0.09333861276759403, 0.09407915171424816, 0.0960001898840368, 0.09595469155443435], "(0, 0, 0, -1)": [0.09245793529093672, 0.09358172209979444, 0.08870203266232397, 0.09043082751866212, 0.0950480641053303], "(0, 0, -1, -1)": [0.09567434639115813, 0.09637349783822635, 0.09681785826749251, 0.09663429092644987, 0.095060611565819], "(0, 0, 3, 4)": [0.09128817839293264, 0.06780062263741504, 0.06335694508093655, 0.07358376416516202, 0.04364979550522303], "(0, 0, -1, 0)": [0.09263768660675815, 0.09540152554922145, 0.0835389347722073, 0.09405509114841105, 0.09491446770550149], "(0, 0, -2, -2)": [0.0896497318537338, 0.09537575799066006, 0.09351226663898472, 0.09565151167026259, 0.09086464879926394], "(0, 0, -2, -3)": [0.07455080435108745, 0.08507286800711322, 0.0761869430616523, 0.08500418807908834, 0.09587571367766753], "(0, 0, 1, 3)": [0.07493615746054429, 0.07401534496856949, 0.07866743982083821, 0.0434746904964573, 0.06604323504283686], "(0, 0, 0, 2)": [0.07072328652998414, 0.0825824232707753, 0.061069137364954326, 0.07004536356878295, 0.07160967952790975], "(0, 0, -2, -1)": [0.08444801662975937, 0.08331390153565271, 0.08209107567613091, 0.08593687960778636, 0.08578361330690748], "(0, 0, -1, 1)": [0.05415635044285592, 0.06162151238830446, 0.04889095746524358, 0.06546835609002838, 0.05244054329821727], "(0, 0, 3, 5)": [0.02963011175659584, 0.05181062139698661, 0.04229487758968731, 0.03098221414824532, 0.009034789842117003], "(0, 0, 1, 0)": [0.0921536933337487, 0.09069762843639194, 0.09257538138334773, 0.09137274057426995, 0.09310443428002646], "(0, 0, -1, -3)": [0.06177826063754559, 0.06071793975307509, 0.059796411770131036, 0.07949277064623944, 0.08611859451011096], "(0, 0, 0, -2)": [0.058257622496074114, 0.06331029906531341, 0.07200599811429129, 0.07165944745683252, 0.0735317399829317], "(0, 0, -3, -3)": [0.04503337522911098, 0.03816144795661694, 0.04472009210532081, 0.07867271018098786, 0.07192643611459339], "(0, 0, 1, 4)": [0.0044249913107827, 0.020057399412945633, 0.006399692915812412, 0.0094509771568335, 0.003831961625241565], "(0, 0, -2, -4)": [0.0576676653849962, 0.06548948598392206, 0.06583591113131318, 0.07011941701190982, 0.05975278288373837], "(0, 0, -3, -4)": [0.0556829298311995, 0.06791676072602583, 0.0485909904240343, 0.07987809082958884, 0.08840735623364085], "(0, 0, -3, -5)": [0.019529911925596836, 0.02431810897700209, 0.05695747320850324, 0.02854114218593241, 0.07280911024395513], "(0, 0, -4, -6)": [-0.002233068458735943, 0.003902350954478104, 0.006470760765487317, -0.002217931486666203, 0.012517921020874996], "(-1, 0, -4, -6)": [0.0, -0.002184409275650978, 0.0, 0.0, 0.0], "(0, 0, 4, 5)": [0.019572590372386546, 0.0, 0.0029778258922511227, 0.002850184251679433, 0.0008934879207259652], "(0, 0, 2, 5)": [-0.00016746326119513634, 0.005197120921423911, 0.0015668303610494616, -0.0021844007074832915, 0.002068792948795962], "(0, 0, 2, 1)": [0.080934809324025, 0.09083627914985726, 0.06530354653008043, 0.07366588667066067, 0.05839256386315392], "(-1, 0, -2, -2)": [0.007345138699978792, 0.0011148952867029705, 0.0038006494232387354, 0.005558711482827981, 0.00271246875105553], "(-1, 0, -2, -3)": [0.0017613799595483613, 0.004027590873385809, 0.002265269269804815, 0.0018037422406745772, -0.001686703734022974], "(-1, 0, -3, -4)": [0.0010321261696517468, 0.0009224307127296924, 0.0, 0.00034349838851066615, 0.0009303271217360248], "(0, 0, 1, -1)": [0.06342591213827922, 0.05075728863658258, 0.04791990857287764, 0.08300234075611211, 0.07000590994880192], "(0, 0, 3, 6)": [-0.0021881099790334703, -0.000909190789319721, 0.0009317372925579548, 2.2814257349819097e-05, 0.0], "(0, 0, 3, 3)": [0.06231513457223865, 0.06767779404648507, 0.04885174664922493, 0.04004124747760049, 0.021594090685204587], "(0, 0, 4, 6)": [0.007871625923498401, -0.0006836956991793982, 0.003268856261185112, 0.001265036728524101, 0.004906340059537077], "(1, 0, 2, 3)": [0.002942295176659503, 0.001217272646007158, 0.0014539315857965405, 0.0025822547933743775, 0.0021063458083572205], "(0, 0, -3, -2)": [0.01943492628075662, 0.006625513620605098, 0.01732236365109152, 0.025390505786073467, 0.011479476928094905], "(0, 0, -2, 0)": [0.016568139710445524, 0.013993716583340136, 0.018676234668601535, 0.019616590647603786, 0.02037340269941206], "(0, 0, -1, 2)": [0.0037367334490408144, 0.0, 0.008087705715987926, 0.0, 0.0009162936359643937], "(0, 0, 0, 3)": [0.013946652556878474, 0.027224256905518655, 0.006049770395717561, -0.0021848130971193315, 0.0014898904265113146], "(0, 0, -4, -5)": [0.004493704416220977, 0.0010832372845039201, 0.016939357934195407, 0.013300141299203337, 0.019020462927937264], "(1, 0, 3, 4)": [0.001902756953203264, 0.0009198707460003905, 0.0025843660143434074, 0.00034978536810662984, 0.0009467415940016509], "(0, 0, 3, 2)": [0.014077203022881584, 0.012010320570378777, 0.0012769182135529769, 0.0, 0.0], "(0, 0, 2, 0)": [0.03917400896381113, 0.012614235997884953, 0.027460786352238947, 0.021880542578800597, 0.01793227109021345], "(0, 0, 3, 1)": [0.004473075942336762, 0.0, 0.002053653577388184, 0.0009118053130805492, 0.0], "(0, 0, 0, -3)": [0.0016259295213967564, 0.008246979509988246, 0.002100777801705041, -0.001286985957128927, 0.017207127021997337], "(0, 0, -1, -4)": [0.0, -0.005347301791328937, 0.00829442072585515, 0.011027370174787703, 0.00834523338469163], "(1, 0, 1, 2)": [0.001698747780174017, -0.0021790049970149996, 0.00039476856799749516, 0.00044017812188550023, 0.002815066734321788], "(1, 0, 0, 1)": [0.0, 0.0, 0.0, 0.0008387157693505288, 0.0], "(1, 0, 1, 1)": [0.004255570759431709, 0.0, -0.0014400912262499332, 0.0003795295226751384, 0.005319815216710969], "(-1, 0, -2, -1)": [0.00643299046436012, 0.0092287724913993, 0.008605438774972992, 0.008569455957072982, 0.0086942292918611], "(-1, 0, -1, 1)": [0.005850633155871396, 0.006141693300732616, 0.007680885953701604, 0.005737575515533287, 0.005499660345679421], "(-1, 0, -2, 0)": [0.006548999967045781, 0.005393895530526731, 0.0037297594790098583, 0.0008909908123314382, 0.003239560326480979], "(-1, 0, -1, 0)": [0.0090389611556166, 0.004950701402479269, 0.003909238672460226, 0.002725626351390554, 0.0038839575219138094], "(-1, 0, 0, 2)": [0.005997914092778705, 0.005568037793911539, 0.0050143691329731736, 0.004032284679279069, 0.001981901959303646], "(-1, 0, 0, 3)": [0.0006034501391058602, 0.0022943983474494464, 0.0022251125587537525, 0.002751636276640177, 0.0038694121246337326], "(-1, 0, 1, 4)": [0.003760638823008771, -0.00012156201645933994, 0.0011478619887334875, 0.0008639655075967312, -0.0010720444807875904], "(-1, 0, 1, 5)": [-0.002202332392334938, 0.000907559814862907, 0.0, 0.0, 0.0], "(0, 0, -3, -6)": [-0.0022209784016013145, 0.0, -0.002204522676765919, 0.0, 0.010388977604300097], "(-1, 0, 0, 1)": [0.0034191891113539326, 0.0, 0.003312830450091727, 0.001246758343351002, 0.0052344413720617575], "(-1, 0, 1, 2)": [0.0012810436649279848, 0.0011872422796256618, 0.004184136180724273, 0.006103015676055535, 0.000998734124004841],