{"q_values": {"(1, -1, 0, 0)": [0.0, 0.0, 0.0, 0.0, 0.000986999459564686], "(1, -1, 7, 11)": [0.0, 0.0, 0.0, 0.0, 0.000990583933889866], "(2, -1, 14, 21)": [0.0, 0.0009936179965734481, 0.0, 0.0, 0.0], "(2, -1, 9, 14)": [0.0, 0.0, 0.0009955487214028836, 0.0, 0.0], "(2, -1, 9, 13)": [0.0, 0.0, 0.0, 0.0, 0.0009976796805858613], "(2, 0, 15, 23)": [0.0, 0.0, 0.0009993136860430242, 0.0, 0.0], "(2, 0, 14, 21)": [0.0, 0.000999913550913334, 0.0, 0.0, 0.0], "(2, 0, 9, 14)": [0.0, 0.0009999997913837434, 0.0, 0.0, 0.0], "(2, 0, 5, 7)": [0.0, 0.0, 0.0, 0.0, 0.0009998180903494358], "(2, 0, 12, 18)": [0.0, 0.0009992602281272411, 0.0, 0.0, 0.0], "(2, 0, 7, 11)": [0.0, 0.0, 0.0, 0.0009983459487557412, 0.0], "(2, 0, 11, 16)": [0.0, 0.0, 0.0009969035163521767, 0.0, 0.0], "(3, 1, 10, 14)": [0.0, 0.000995607767254114, 0.0, 0.0, 0.0], "(3, 1, 5, 8)": [0.0, 0.0, 0.0, 0.0009940720163285732, 0.0], "(3, 1, 9, 13)": [0.0, 0.0, 0.000991985946893692, 0.0, 0.0], "(3, 1, 8, 12)": [0.0, 0.0, 0.0, 0.0009890709072351456, 0.0], "(3, 1, 11, 17)": [0.0, 0.0, 0.0009853308089077474, 0.0, 0.0], "(3, 1, 11, 16)": [0.0, 0.0, 0.0, 0.0, 0.0009794965386390687], "(3, 1, 17, 27)": [0.0, 0.0009725767187774182, 0.0, 0.0, 0.0], "(3, 2, 12, 19)": [0.0, 0.0, 0.0, 0.0009648519568145275, 0.0], "(3, 2, 15, 24)": [0.0, 0.000956978276371956, 0.0, 0.0, 0.0], "(4, 2, 10, 17)": [0.0, 0.0, 0.0, 0.0, 0.0009469650685787201], "(4, 2, 17, 27)": [0.0, 0.0, 0.0, 0.0009324436075985432, 0.0], "(4, 3, 20, 31)": [0.0, 0.0, 0.0, 0.0009139150381088257, 0.0], "(4, 3, 22, 35)": [0.0, 0.0, 0.000892770104110241, 0.0, 0.0], "(4, 3, 20, 33)": [0.0, 0.0, 0.0, 0.000868371594697237, 0.0], "(5, 4, 22, 37)": [0.0, 0.0, 0.0, 0.0008387161418795586, 0.0], "(5, 4, 24, 40)": [0.0, -0.002191855385899544, 0.0, 0.0, 0.0]}}