{"q_values": {"(0, 0, 0, 0)": [0.09547403967171199, 0.09536770209934586, 0.09278908786743913, 0.09543286938562401, 0.09491615760485034], "(0, 0, 1, 1)": [0.09495495714162604, 0.09495969390848856, 0.09506046491707605, 0.09502636435993658, 0.09401431329286435], "(0, 0, 1, 2)": [0.09581495304386334, 0.08877158437944711, 0.09386293226137955, 0.09099211565564871, 0.0839768235515039], "(0, 0, 2, 2)": [0.09422983844896185, 0.09474115369868433, 0.09502501576580681, 0.09139496475665437, 0.08864714001923707], "(0, 0, 2, 3)": [0.09143271951996258, 0.09411065424547704, 0.09344491621052556, 0.09069056773480061, 0.08135343363916134], "(0, 0, 2, 4)": [0.06755532165296815, 0.08640063437586852, 0.05107928033609036, 0.0702151592487302, 0.031778143454512554], "(0, 0, 0, 1)": [0.09537827130030027, 0.09543839054359461, 0.09199660195718962, 0.09133584532441372, 0.08948736845578781], "(0, 0, -1, -2)": [0.0915009167594868, 0.09274557038643523, 0.09537140492352976, 0.09452264278190378, 0.09523047818086013], "(0, 0, 0, -1)": [0.09320748557563246, 0.09344039203222453, 0.08297293680646867, 0.09426718335590258, 0.0942315016375906], "(0, 0, -1, -1)": [0.0956353020314562, 0.09444114294796875, 0.08847787270013802, 0.09560459632055303, 0.0955534634385459], "(0, 0, 3, 4)": [0.08794934724484856, 0.08493678048551925, 0.07787338397760332, 0.0677199506369476, 0.04348165317355029], "(0, 0, -1, 0)": [0.0945668948639115, 0.09228406411794562, 0.09205268551251575, 0.09223387494242583, 0.0885302460273505], "(0, 0, -2, -2)": [0.09310396957782097, 0.09368544987845233, 0.09500302445515937, 0.09568655344147552, 0.08871536228863884], "(0, 0, -2, -3)": [0.07759724135432912, 0.08655305600640768, 0.08715922601875457, 0.07500465359780469, 0.09575321574742443], "(0, 0, 1, 3)": [0.07117912576096293, 0.08325778684062918, 0.057031926071777476, 0.06244892582434681, 0.06329593957867899], "(0, 0, 0, 2)": [0.07245380386949997, 0.07809587136887114, 0.06917215997088277, 0.06709160141995044, 0.06299427107706869], "(0, 0, -2, -1)": [0.08783126647149804, 0.08559350835412326, 0.08499622288467559, 0.08314077952462247, 0.09172528332921644], "(0, 0, -1, 1)": [0.07432632079967046, 0.08276649990129464, 0.07810694513297263, 0.07221592752914054, 0.06735081773366791], "(0, 0, 3, 5)": [0.03537544773187717, 0.03168683247871743, 0.035635822314786986, 0.0375220411642199, 0.008686129912085429], "(0, 0, 1, 0)": [0.09101879331493894, 0.09185735601351155, 0.08688271041338554, 0.0918209643501279, 0.09279564198957053], "(0, 0, -1, -3)": [0.059104986495961374, 0.05930477313674916, 0.05829710755896796, 0.07067306949541227, 0.07108945111181927], "(0, 0, 0, -2)": [0.05344681519328065, 0.061211791211479676, 0.07450616389278979, 0.0772219557847106, 0.08824119077454914], "(0, 0, -3, -3)": [0.05727678427365455, 0.049856898301150816, 0.05780127352462455, 0.0907364620834567, 0.07935997377233243], "(0, 0, 1, 4)": [0.02146459965601816, 0.016823229397930784, 0.009796157233198273, 0.011241204205709626, 0.002058673752986765], "(0, 0, -2, -4)": [0.05418654024172741, 0.06623597791170538, 0.06653788363049375, 0.07691185081858386, 0.06066258713055989], "(0, 0, -3, -4)": [0.05924117183856227, 0.08044499324304291, 0.053281386815949586, 0.07577430426854825, 0.09153915257043128], "(0, 0, -3, -5)": [0.019529911925596836, 0.02862501025858578, 0.06447952330770408, 0.04476259366621242, 0.08245247341932224], "(0, 0, -4, -6)": [-0.002233068458735943, 0.005571687659288121, 0.006470760765487317, 0.0012548827632507982, 0.012517921020874996], "(-1, 0, -4, -6)": [0.0, -0.002184409275650978, 0.0, 0.0, 0.0], "(0, 0, 4, 5)": [0.019572590372386546, 0.008807086183244255, 0.0029778258922511227, 0.002850184251679433, 0.0008934879207259652], "(0, 0, 2, 5)": [-0.00016746326119513634, 0.02683702088989295, -0.0008084506161560824, 0.0014848678172218865, 0.0033026970860266978], "(0, 0, 2, 1)": [0.0922648779853474, 0.09121059940830274, 0.08610637396238247, 0.08473430602920934, 0.08732201332140616], "(-1, 0, -2, -2)": [0.005988524765137912, 0.006034175053996975, 0.02101204679971079, 0.012519683728849493, 0.005810910376802679], "(-1, 0, -2, -3)": [0.0030574260022325963, 0.006343258561331337, -0.00014386016703189048, 0.004256448154813261, 0.0053051734446944365], "(-1, 0, -3, -4)": [0.0018540414736037487, 0.0034105265091876557, 0.001331257713658234, 0.00034349838851066615, 0.0009303271217360248], "(0, 0, 1, -1)": [0.07773605627258126, 0.07344123420313257, 0.07615753645136257, 0.08765037509991672, 0.07366533181031167], "(0, 0, 3, 6)": [-0.0021881099790334703, -0.000909190789319721, 0.010018107002449107, 2.2814257349819097e-05, 0.0], "(0, 0, 3, 3)": [0.07692785327035954, 0.06849677748805896, 0.05423986887648711, 0.049668313891545225, 0.03695744645602501], "(0, 0, 4, 6)": [0.007871625923498401, -0.0006836956991793982, 0.003268856261185112, 0.001265036728524101, 0.004906340059537077], "(1, 0, 2, 3)": [0.012229250748517734, 0.0027714189588311385, 0.0020075871988457328, 0.0027186947913729297, 0.0029431021016771424], "(0, 0, -3, -2)": [0.02598598849247192, 0.006625513620605098, 0.02663693804111545, 0.05243243716831486, 0.029583716647227254], "(0, 0, -2, 0)": [0.05160783108570648, 0.036441555330005274, 0.03861449486556994, 0.0760758419892639, 0.035139658290602116], "(0, 0, -1, 2)": [0.001182111250643996, 0.0222470775471582, 0.023244412181900903, 0.0, -0.00135802261531353], "(0, 0, 0, 3)": [0.01876398424437513, 0.040991663504843144, 0.006763162250963241, 0.006699173014943156, 0.0039372342502656055], "(0, 0, -4, -5)": [0.007369727423293556, 0.005967156411895795, 0.016239461689067664, 0.013300141299203337, 0.02607841693608993], "(1, 0, 3, 4)": [0.001902756953203264, 0.0009198707460003905, 0.0025843660143434074, 0.00034978536810662984, 0.0009467415940016509], "(0, 0, 3, 2)": [0.014077203022881584, 0.07189275519384608, 0.02352613552538028, 0.017308133099811406, 0.00699393276324424], "(0, 0, 2, 0)": [0.08410483161843348, 0.05398109794004586, 0.047521804833417704, 0.06682601988935548, 0.07088313832032136], "(0, 0, 3, 1)": [0.011165980996645997, 0.020675911306629453, 0.008981877767702897, 0.005216891167113518, 0.0], "(0, 0, 0, -3)": [0.001708810542069702, 0.011803166462016191, 0.001898896317004173, 0.014598243299577644, 0.04339563214555709], "(0, 0, -1, -4)": [0.0008272065781056881, -0.0035455739110831614, 0.006847261154099192, 0.00771657238608205, 0.02145486449714907], "(1, 0, 1, 2)": [0.005681073940706389, 0.00445694840475225, 0.0016742834172989733, 0.002597414650210476, 0.010740449923457582], "(1, 0, 0, 1)": [0.0008795641362667084, 0.011356707757727947, 0.0, 0.0024012248186166835, 0.005088022950516448], "(1, 0, 1, 1)": [0.03234578269014031, 0.013792884095959964, 0.016350206441106952, 0.007893969326257739, 0.010796752764407752], "(-1, 0, -2, -1)": [0.013654000926874773, 0.018076391684533916, 0.015345298072753536, 0.018685389299627188, 0.027514483936222453], "(-1, 0, -1, 1)": [0.02069232196584167, 0.024596172207325864, 0.01737258005423095, 0.015112432473006818, 0.018020046440959885], "(-1, 0, -2, 0)": [0.012733414428771721, 0.021560426949977028, 0.010607481058945625, 0.015259789590804674, 0.011396093228768493], "(-1, 0, -1, 0)": [0.02682880170915488, 0.017826377067878235, 0.015534157259791527, 0.02102023169406584, 0.015202785392809021], "(-1, 0, 0, 2)": [0.02503455549895415, 0.012790741163531079, 0.016915547162665877, 0.009041893883863707, 0.01159919679468962], "(-1, 0, 0, 3)": [0.0058145101267704, 0.007206187657139047, 0.0051837012385821165, 0.0061422625950777986, 0.00788760702761233], "(-1, 0, 1, 4)": [0.002731917369777931, -0.0026031594810545797, 0.0011478619887334875, -6.80724991920993e-05, -0.0031430044179679827], "(-1, 0, 1, 5)": [-0.002202332392334938, 0.000907559814862907, 0.0, 0.0, 0.0], "(0, 0, -3, -6)": [-0.0022209784016013145, 0.0, -0.002204522676765919, 0.0, 0.010388977604300097], "(-1, 0, 0, 1)": [0.014737878819031396, 0.005366021372825254, 0.032092862249238324, 0.01218114297167769, 0.01644504178962749],