{"q_values": {"(0, -1, 0, 0)": [0.04504241312723379, 0.05013092454891825, 0.04694773936612956, 0.04762114071280782, 0.04319784798892818], "(0, -1, 0, 1)": [0.040172327599032755, 0.04431946987491729, 0.039236641867887764, 0.03248807225110006, 0.02616418504283773], "(0, -1, 0, 2)": [0.025183395762938945, 0.02038602378469757, 0.01922052954488066, 0.01045901150968154, 0.012641480739967903], "(0, -1, 0, -1)": [0.04880694085240742, 0.050069108933498266, 0.04998500374962633, 0.04844691519820059, 0.04838424905377278], "(0, -1, 0, -2)": [0.04359807109753961, 0.047319086303253564, 0.04843934307485388, 0.04817018686000883, 0.04955960010781887], "(0, -1, 0, -3)": [0.026871036946484586, 0.0339835096636537, 0.040501837751902886, 0.044387650889380945, 0.047863668986440996], "(0, -1, 0, -4)": [0.019476350195673914, 0.015917589338242447, 0.02269856994939179, 0.03352753155686706, 0.037370367694350946], "(0, -1, 0, -5)": [0.006763836443441941, 0.0046978097994448305, 0.016767919790746547, 0.021751095028322964, 0.01529835919367702], "(0, -2, 0, -6)": [0.010755622982013291, 0.016277398212578637, 0.013175585773373348, 0.025230732634903358, 0.02541278200555895], "(0, -2, 0, -4)": [0.02963371358131158, 0.029932525676373677, 0.03603980826833609, 0.032392169688876864, 0.039018956977983875], "(0, -2, 0, -5)": [0.02227072661495466, 0.02772934563950623, 0.02889872105480862, 0.027938799323982768, 0.030686757657964976], "(0, -3, 0, -7)": [0.013307580355450665, 0.016688742605456205, 0.02137977419777096, 0.022785872157843626, 0.018298687024697953], "(0, -3, 0, -6)": [0.019477178794402892, 0.024101548595420123, 0.023133587920888665, 0.02502852833508995, 0.023214437740215633], "(0, -3, 0, -5)": [0.023878206643110522, 0.023298244359308277, 0.02155114129193411, 0.02048945991245952, 0.025461858551537674], "(0, -3, 0, -4)": [0.024842224003844338, 0.020861922576824725, 0.020760409099892848, 0.017863590961303466, 0.014588434264569612], "(0, -4, 0, -4)": [0.0019622452394547547, 0.0, 0.0011895504837750072, 0.0, 0.00171802336582914], "(0, -4, 0, -6)": [0.00476505664115676, 0.00822688088122168, 0.006737059454511466, 0.003070788135653853, 0.003007572690940071], "(0, -4, 0, -7)": [0.006559655607072527, 0.004953216251987503, 0.002371617538766432, 0.006240076886426126, 0.00710988116496391], "(0, -2, -1, -7)": [0.00514328175256927, 0.0034116155555764553, 0.004154720998188485, 0.004782638265880306, 0.0018664261492541167], "(0, -3, 0, -8)": [0.007759190190339481, 0.00796877537998065, 0.01013582174905208, 0.009385010951186995, 0.012707207193328126], "(0, -4, 0, -8)": [0.0009032062595641221, 0.0005487048189048804, -0.002289800858071598, 0.004038676131175614, 0.007456532837848705], "(0, 1, 0, 0)": [0.05537678885109743, 0.05600586520676011, 0.057876850211784195, 0.06077819926436841, 0.06157204336660638], "(0, 1, 0, 1)": [0.06022850137553522, 0.06128287511508196, 0.06471655549223873, 0.062225548022744374, 0.0619230752760397], "(0, 1, 0, 2)": [0.06384713027644041, 0.06238083485247961, 0.06389121377405713, 0.06082968398140862, 0.057034745531024895], "(0, 1, 0, 3)": [0.05992705765569285, 0.0613089901450359, 0.058296093865747266, 0.053292771793566986, 0.04338444957129196], "(0, 1, 0, 4)": [0.04988066220865057, 0.050093584187866705, 0.04505160740516414, 0.0341690316932719, 0.028075850152372933], "(0, 2, 0, 4)": [0.04627870573502736, 0.04902401377137633, 0.04929974108410386, 0.0452685533687993, 0.03850873932973562], "(0, 2, 0, 5)": [0.046595464360860483, 0.0423988568059858, 0.03866220137434881, 0.02950251084697489, 0.02431336961296768], "(0, 2, 0, 6)": [0.02983218151312891, 0.02038533437191558, 0.0186325283271109, 0.019725989585645004, 0.01662381254439104], "(0, 2, 0, 3)": [0.04960329871000695, 0.05232940533355867, 0.05007350476444242, 0.04337545638226115, 0.04366172073893898], "(0, 2, 0, 2)": [0.04368357931166046, 0.04879946011432197, 0.04907559969854976, 0.0519195565797917, 0.04880671694529811], "(0, 2, 0, 1)": [0.038526807170671404, 0.04229204777569348, 0.03739117354755623, 0.04632227443072441, 0.050400192062746776], "(0, 3, 0, 3)": [0.011060003582860894, 0.012574915628462285, 0.009929308417384404, 0.019548199448503376, 0.017060217834339416], "(0, 3, 0, 2)": [0.006229774857533465, 0.00823115658599814, 0.015416384511088113, 0.006254978630490445, 0.01631505875732102], "(0, 3, 0, 4)": [0.02262739198543417, 0.026545738170713148, 0.026474907074004416, 0.030191168978058916, 0.02768308206311025], "(0, 3, 0, 5)": [0.031767558778228094, 0.031437955132093576, 0.03148889738619335, 0.030623124343091973, 0.02802577780050067], "(0, 3, 0, 7)": [0.029993169315517668, 0.029816794832383794, 0.024299750385245386, 0.02357489596771548, 0.019621067409067026], "(0, 3, 0, 6)": [0.028935253915832102, 0.03153742159926079, 0.030198949255246358, 0.02892042829699673, 0.027899158585250692], "(0, 4, 0, 8)": [0.012383560109919273, 0.003458278550217145, 0.008180089871246245, 0.008973780516011363, -0.0022056511904149528], "(0, 4, 0, 7)": [0.0096540795353372, 0.0065000617538182835, 0.013644039585038842, 0.01121076545754171, 0.008323682650174458], "(0, 4, 0, 9)": [-0.0009686182776682951, 0.005927057380634008, -0.00606679960990178, -6.484340791358852e-05, -0.001739804246026955], "(0, 1, 0, -1)": [0.042471319224066745, 0.04599001940364665, 0.053662182878002444, 0.0517908042563037, 0.05934836822016155], "(0, 1, 0, -2)": [0.01591649771175653, 0.029583335216142575, 0.03174582654989612, 0.045642949992815075, 0.02597649391031108], "(0, 1, 0, -3)": [0.005066503504715002, 0.00831681998307518, 0.006809260938972883, 0.01635027749131792, 0.021868003137392865], "(0, 4, 0, 10)": [-0.004138742666691541, -0.00392601497741636, -0.00438700040331427, -0.0031316751347854736, -0.003477382704615593], "(0, -1, 0, 3)": [0.004292607622311873, 0.0035241863085105074, 0.0010850633047521114, 0.004661232948437446, 0.000996325258165598], "(0, -1, 1, 3)": [0.006123690741766313, 0.0026596586655677984, 0.0, 0.003401611613175928, 0.00253032667615456], "(0, 0, 0, 2)": [0.0570638456190731, 0.05594565469257236, 0.04479685555973323, 0.048465855905444166, 0.039592014941822434], "(0, 0, 0, 3)": [0.04666208063351601, 0.0404793409382085, 0.03700157291530906, 0.03129297506930139, 0.018130964356317763], "(0, 0, 0, 1)": [0.05845724748946068, 0.05830745429264552, 0.058962087188204886, 0.05542366026275932, 0.05462758263357267], "(0, 0, 0, 0)": [0.05686706084809606, 0.060021866458722636, 0.06025260097551968, 0.05634297779377605, 0.05919868079694283], "(0, 0, 0, -1)": [0.048962898230848644, 0.05436242051628562, 0.05652946073713735, 0.05617022999105678, 0.05901386759322242], "(0, 0, 0, -2)": [0.03515584142148734, 0.04225626443068572, 0.04505236890472985, 0.05370577643740829, 0.05076514103531814], "(0, 0, 0, -3)": [0.01462980218897101, 0.025445879891926343, 0.034616410224773235, 0.03316700133320951, 0.035401122697785975], "(0, -2, 0, -7)": [0.004463555951125935, 0.008381255140311485, 0.008803485638017187, 0.006250141897972317, 0.0054272990048211366], "(0, -4, 0, -9)": [0.0021123153332438865, -0.0003607909800763054, -0.001073812983234563, -0.0034570554237206403, 0.0013467709556029168], "(0, -2, 0, -2)": [0.034563224967437994, 0.03747923483934467, 0.03498221369859716, 0.031922223547425584, 0.03331364687302781], "(0, -2, 0, -1)": [0.025870567385862953, 0.03187948038305031, 0.03517102485235904, 0.030324190104908916, 0.030781549366295156], "(0, -2, 0, -3)": [0.03454111831055977, 0.037434719917424294, 0.03902575321030604, 0.03932528071602758, 0.03655522966656196], "(0, 1, 0, -4)": [0.0, 0.0020751446444201857, 0.0, 0.0, 0.0], "(0, 1, -1, -4)": [0.0, 0.0, 0.0041279416536146255, 0.0, 0.0], "(0, 3, 0, 8)": [0.023100559534149516, 0.02051879608413277, 0.01542507181954128, 0.012853203318349861, 0.009854505357672844], "(0, 3, 0, 9)": [0.009377764249978184, 0.006651750881742062, 0.005203220816739883, 0.003532878367387192, 0.003432427839929735], "(0, 0, -1, -3)": [0.002077870434262449, 0.002461690247118023, 0.002528804072795202, 0.0075709177580572376, 0.009180295268523438],