{"q_values": {"(0, 0, 0, 0)": [0.0, 0.0, 0.0, 0.0, 0.000986999459564686], "(0, 0, 1, 1)": [0.0, 0.0023090123811296, 0.0022285962735234576, 0.0034463281517039964, 0.0028931019858010115], "(0, 0, 1, 2)": [0.0, 0.003189631371584423, 0.0024039520579171867, 0.0010635606300184502, 0.0019418798721536836], "(0, 0, 2, 2)": [0.0, 0.001244045099814554, 0.0010967630355991423, 0.0, 0.0], "(0, 0, 2, 3)": [0.0, 0.0012596435422200162, 0.0, 0.0026333784525838866, 0.0], "(0, 0, 2, 4)": [0.0, -0.002191855385899544, 0.0010597331911783013, 0.0009340921290856057, 0.0]}}