{"q_values": {"(0, 0, 0, 0)": [0.09520527908998841, 0.09653744168564674, 0.09664791839848327, 0.09629412025419058, 0.09668062377055203], "(0, 0, 1, 1)": [0.09676586631483054, 0.09647611661084209, 0.09664668450661361, 0.09540904771193272, 0.09626299220919905], "(0, 0, 1, 2)": [0.0952325126187217, 0.08636760396909356, 0.09160889065203252, 0.09144242878906779, 0.08591174108148823], "(0, 0, 2, 2)": [0.09653683365858011, 0.09533470835607843, 0.09589886247471409, 0.09366735765996026, 0.08452017908710709], "(0, 0, 2, 3)": [0.0955962799124566, 0.09278269688389297, 0.09389747374661665, 0.08864771472895006, 0.07739461232748734], "(0, 0, 2, 4)": [0.06755532165296815, 0.08290949230356297, 0.05107928033609036, 0.0683251175206902, 0.03812056425753933], "(0, 0, 0, 1)": [0.09310988431036668, 0.09043395587615334, 0.08937402192774418, 0.08976434991879843, 0.08724447587614705], "(0, 0, -1, -2)": [0.0883065029363748, 0.09077196971201638, 0.09555936553745158, 0.09639687482301423, 0.08406413408662011], "(0, 0, 0, -1)": [0.09283227315513169, 0.09435597031410171, 0.09448585063881754, 0.09536216514102885, 0.09615395623898332], "(0, 0, -1, -1)": [0.09166235413362782, 0.09537916905850456, 0.09564062845408355, 0.09613678706958467, 0.09398718142143887], "(0, 0, 3, 4)": [0.08622016947788716, 0.08381833305313934, 0.07855066035425953, 0.0677199506369476, 0.04334510428944569], "(0, 0, -1, 0)": [0.08816719089820166, 0.08921478496096208, 0.09173982304321361, 0.09027644940495116, 0.09210856899228258], "(0, 0, -2, -2)": [0.08881924576671711, 0.09435468283270335, 0.09422282362345452, 0.09524665375784062, 0.0960886356503407], "(0, 0, -2, -3)": [0.08403445684823665, 0.0845356465798908, 0.0842271191478271, 0.08338636741871909, 0.09167010037808354], "(0, 0, 1, 3)": [0.07176174014790351, 0.06799977094202866, 0.0698497328783338, 0.06940300657525131, 0.06472899013843066], "(0, 0, 0, 2)": [0.0856712054850999, 0.07839318801103616, 0.06041288085632837, 0.06324545851511582, 0.05069626949073276], "(0, 0, -2, -1)": [0.07668270554271825, 0.08679971391780256, 0.0876162480670119, 0.08550628474220995, 0.08798452848078124], "(0, 0, -1, 1)": [0.07534185720411914, 0.07349052742701079, 0.07351212318698033, 0.06873643794272763, 0.06474169531862616], "(0, 0, 3, 5)": [0.03537544773187717, 0.037670569600413754, 0.035635822314786986, 0.038641415764118184, 0.008686129912085429], "(0, 0, 1, 0)": [0.08857661391749069, 0.09152283182093524, 0.09519144274862473, 0.08845157065970193, 0.09378292090483749], "(0, 0, -1, -3)": [0.059897644530622365, 0.06415084968848828, 0.056111934149909753, 0.061539480691949186, 0.07657315410495279], "(0, 0, 0, -2)": [0.06692876830512162, 0.0618012325432697, 0.07998282655844892, 0.08922488138231102, 0.07545522823588152], "(0, 0, -3, -3)": [0.049650243930167114, 0.049856898301150816, 0.053606837251659004, 0.08948250478660758, 0.07729085476013936], "(0, 0, 1, 4)": [0.01918075490003355, 0.021113576387473923, 0.009796157233198273, 0.011241204205709626, 0.002058673752986765], "(0, 0, -2, -4)": [0.059164912920534336, 0.06623597791170538, 0.0745183414799536, 0.07009692576914077, 0.05442630245114758], "(0, 0, -3, -4)": [0.05924117183856227, 0.0793635692378583, 0.053281386815949586, 0.07577430426854825, 0.08720962955765019], "(0, 0, -3, -5)": [0.019529911925596836, 0.02862501025858578, 0.06447952330770408, 0.04476259366621242, 0.08245247341932224], "(0, 0, -4, -6)": [-0.002233068458735943, 0.005571687659288121, 0.006470760765487317, 0.0012548827632507982, 0.012517921020874996], "(-1, 0, -4, -6)": [0.0, -0.002184409275650978, 0.0, 0.0, 0.0], "(0, 0, 4, 5)": [0.019572590372386546, 0.0, 0.0029778258922511227, 0.002850184251679433, 0.0008934879207259652], "(0, 0, 2, 5)": [-0.00016746326119513634, 0.005197120921423911, -0.0008084506161560824, 0.0014848678172218865, 0.002068792948795962], "(0, 0, 2, 1)": [0.0922754477693259, 0.08434902401158673, 0.08682897697941241, 0.08550445833099331, 0.07515358922375567], "(-1, 0, -2, -2)": [0.004993086290433046, 0.0024887176265512667, 0.013688063621009265, 0.009876244961805912, 0.005810910376802679], "(-1, 0, -2, -3)": [0.0030574260022325963, 0.006343258561331337, -0.00014386016703189048, 0.0018037422406745772, 0.0027371905805009143], "(-1, 0, -3, -4)": [0.0018540414736037487, 0.0034105265091876557, 0.001331257713658234, 0.00034349838851066615, 0.0009303271217360248], "(0, 0, 1, -1)": [0.06785789081305106, 0.06507488679400868, 0.07595330568698334, 0.08737689412068748, 0.07948182572766421], "(0, 0, 3, 6)": [-0.0021881099790334703, -0.000909190789319721, 0.0063482054238427855, 2.2814257349819097e-05, 0.0], "(0, 0, 3, 3)": [0.07234559835442696, 0.07053978448140863, 0.05170760207997308, 0.04689804374211516, 0.03304771148480047], "(0, 0, 4, 6)": [0.007871625923498401, -0.0006836956991793982, 0.003268856261185112, 0.001265036728524101, 0.004906340059537077], "(1, 0, 2, 3)": [0.008369916293899578, 0.001217272646007158, 0.004659825460703493, 0.0018195511208341114, 0.0029431021016771424], "(0, 0, -3, -2)": [0.02598598849247192, 0.006625513620605098, 0.02663693804111545, 0.04764720784147534, 0.026634644284220448], "(0, 0, -2, 0)": [0.03077748162178575, 0.021331193885834345, 0.018676234668601535, 0.04560117680546753, 0.03220070065257917], "(0, 0, -1, 2)": [0.001182111250643996, 0.00841570569524039, 0.01586772902253809, 0.0, 0.0009162936359643937], "(0, 0, 0, 3)": [0.013946652556878474, 0.03312055789379614, 0.006049770395717561, -0.0021848130971193315, 0.0014898904265113146], "(0, 0, -4, -5)": [0.007369727423293556, 0.005967156411895795, 0.016239461689067664, 0.013300141299203337, 0.02607841693608993], "(1, 0, 3, 4)": [0.001902756953203264, 0.0009198707460003905, 0.0025843660143434074, 0.00034978536810662984, 0.0009467415940016509], "(0, 0, 3, 2)": [0.014077203022881584, 0.052679948200725454, 0.015530493589890362, 0.017308133099811406, 0.00699393276324424], "(0, 0, 2, 0)": [0.07347746769919035, 0.03984158089310456, 0.042390133413632555, 0.06526784995514726, 0.06601922871052768], "(0, 0, 3, 1)": [0.011165980996645997, 0.020675911306629453, 0.008981877767702897, 0.005216891167113518, 0.0], "(0, 0, 0, -3)": [-0.0028444000619463625, 0.011803166462016191, -0.0002895723192399991, 0.007186581739883707, 0.02052167902020905], "(0, 0, -1, -4)": [0.0, -0.007004558500843122, 0.00829442072585515, 0.011027370174787703, 0.017891674880309627], "(1, 0, 1, 2)": [0.001698747780174017, 0.001928267524163495, 0.0025259329667682053, 0.002597414650210476, 0.004047846603385561], "(1, 0, 0, 1)": [0.0008795641362667084, 0.001264415151409085, 0.0, 0.0024012248186166835, 0.001199796661730242], "(1, 0, 1, 1)": [0.01927008311750721, 0.008311966396747505, 0.010800685363548484, 0.006393026006673986, 0.0072947200937095655], "(-1, 0, -2, -1)": [0.013699422384220304, 0.015062937166971406, 0.015345298072753536, 0.018685389299627188, 0.025110008178060562], "(-1, 0, -1, 1)": [0.01806350545790691, 0.012106356640218951, 0.014500843991656798, 0.011970018547742751, 0.019117390095385822], "(-1, 0, -2, 0)": [0.010588700904034205, 0.010594329517453102, 0.0037297594790098583, 0.009479026167239736, 0.006782900496678816], "(-1, 0, -1, 0)": [0.02616529534113108, 0.014106738228413242, 0.013445909136703224, 0.014465711312507503, 0.013591944228844511], "(-1, 0, 0, 2)": [0.01995163601350123, 0.012790741163531079, 0.013780342423226498, 0.006605564093391527, 0.011007009602550799], "(-1, 0, 0, 3)": [0.00505422015590319, 0.007206187657139047, 0.0051837012385821165, 0.00908040351109597, 0.0076718026522161545], "(-1, 0, 1, 4)": [0.002731917369777931, -0.00046910387914052233, 0.0011478619887334875, -6.80724991920993e-05, -0.0031430044179679827], "(-1, 0, 1, 5)": [-0.002202332392334938, 0.000907559814862907, 0.0, 0.0, 0.0], "(0, 0, -3, -6)": [-0.0022209784016013145, 0.0, -0.002204522676765919, 0.0, 0.010388977604300097], "(-1, 0, 0, 1)": [0.010260723870697031, 0.005366021372825254, 0.02192267039136873, 0.01218114297167769, 0.014418010717037596],