{"q_values": {"(0, 0, 0, 0)": [0.09699472867586952, 0.0967957356093074, 0.09751540404758981, 0.09693083541264942, 0.09616579315346342], "(0, 0, 1, 1)": [0.0966702436131616, 0.09690036571712334, 0.09690227261014811, 0.09666756757947104, 0.09520241434046686], "(0, 0, 1, 2)": [0.09589474371200352, 0.09597305464174329, 0.09383175577895593, 0.09177557296495925, 0.08774017328715757], "(0, 0, 2, 2)": [0.09621569710606612, 0.09666720930539291, 0.09568703927481688, 0.08999331641683986, 0.08944657033232738], "(0, 0, 2, 3)": [0.08819344355337443, 0.0929683444793018, 0.08930780362110373, 0.0733626321576507, 0.08486861931012164], "(0, 0, 2, 4)": [0.07184562013528539, 0.08002845184951893, 0.08539647979882554, 0.05599860535335453, 0.0509244169326742], "(0, 0, 0, 1)": [0.09615834791294556, 0.0883697372674841, 0.08672781484624083, 0.09502983563967154, 0.08677426468267037], "(0, 0, -1, -2)": [0.08805939526258733, 0.09381710260228121, 0.09634927618228901, 0.09672805496361753, 0.09076428791089715], "(0, 0, 0, -1)": [0.0931692292731611, 0.09492656132178408, 0.09524320053468167, 0.0956287473787035, 0.09547502928429909], "(0, 0, -1, -1)": [0.09662402787733512, 0.09673898351319556, 0.08601359681005526, 0.0964388392162563, 0.09723501900054016], "(0, 0, 3, 4)": [0.07681617773587071, 0.07256948095691049, 0.07393815793692565, 0.07125094027647785, 0.040707256123868], "(0, 0, -1, 0)": [0.09523366854687679, 0.09397874520889207, 0.09433388798525098, 0.0931915118988857, 0.0942410280521883], "(0, 0, -2, -2)": [0.09122505422641074, 0.09483957464399688, 0.08743343363603513, 0.08817419386428689, 0.09655689119603561], "(0, 0, -2, -3)": [0.08531404032026277, 0.08843730123032002, 0.07850369007848673, 0.09038115302392165, 0.08553955315463331], "(0, 0, 1, 3)": [0.07708805140911888, 0.07314760069592012, 0.07610137420984807, 0.06506136215468218, 0.06339927629478748], "(0, 0, 0, 2)": [0.06960364388473327, 0.08765090721912014, 0.07288614281849737, 0.05293147234764283, 0.07000546402603171], "(0, 0, -2, -1)": [0.08546305451927824, 0.08824453572267785, 0.07917848346232405, 0.09324987172792026, 0.08837649441380048], "(0, 0, -1, 1)": [0.058393110540841286, 0.07203886482020944, 0.05814753909640811, 0.06263405429597219, 0.060248381795371786], "(0, 0, 3, 5)": [0.03537544773187717, 0.048576190162243287, 0.03812307937197453, 0.033466422482309514, 0.0059762574696637875], "(0, 0, 1, 0)": [0.09164904592948038, 0.09327032636737803, 0.09368724344625733, 0.09066529435526537, 0.09555676343014692], "(0, 0, -1, -3)": [0.04670836069274407, 0.0745733734433654, 0.055463310213069335, 0.0539623659792085, 0.07474572581897487], "(0, 0, 0, -2)": [0.06944395870595285, 0.048778098803808664, 0.06625680411509467, 0.0874695503701881, 0.07172112687077131], "(0, 0, -3, -3)": [0.049650243930167114, 0.04096697295250751, 0.04472009210532081, 0.0856150462396405, 0.07435965956847995], "(0, 0, 1, 4)": [0.012199100637827098, 0.025901163226044823, 0.0035706797149198766, 0.0094509771568335, 0.003831961625241565], "(0, 0, -2, -4)": [0.057396325191977925, 0.05999157563841865, 0.06670573347356312, 0.08119980875429428, 0.06668390209828062], "(0, 0, -3, -4)": [0.05676590082970456, 0.07614720664654018, 0.053281386815949586, 0.07396816680703995, 0.0911914133025754], "(0, 0, -3, -5)": [0.019529911925596836, 0.02862501025858578, 0.06205150817969007, 0.04026685429899163, 0.07846566276832267], "(0, 0, -4, -6)": [-0.002233068458735943, 0.005571687659288121, 0.006470760765487317, 0.0012548827632507982, 0.012517921020874996], "(-1, 0, -4, -6)": [0.0, -0.002184409275650978, 0.0, 0.0, 0.0], "(0, 0, 4, 5)": [0.019572590372386546, 0.0, 0.0029778258922511227, 0.002850184251679433, 0.0008934879207259652], "(0, 0, 2, 5)": [-0.00016746326119513634, 0.005197120921423911, 0.0015668303610494616, -0.0021844007074832915, 0.002068792948795962], "(0, 0, 2, 1)": [0.08661856421189963, 0.09271165469709666, 0.0805361786249015, 0.07530285064006204, 0.06324471818324845], "(-1, 0, -2, -2)": [0.004993086290433046, 0.0011148952867029705, 0.0038006494232387354, 0.005558711482827981, 0.005810910376802679], "(-1, 0, -2, -3)": [0.0017613799595483613, 0.004027590873385809, 0.002265269269804815, 0.0018037422406745772, 0.0014895414892883117], "(-1, 0, -3, -4)": [0.0018540414736037487, 0.0009224307127296924, 0.001331257713658234, 0.00034349838851066615, 0.0009303271217360248], "(0, 0, 1, -1)": [0.07072068980576278, 0.06821732776320133, 0.05890996914689046, 0.08407734097916737, 0.07238792532017436], "(0, 0, 3, 6)": [-0.0021881099790334703, -0.000909190789319721, 0.0063482054238427855, 2.2814257349819097e-05, 0.0], "(0, 0, 3, 3)": [0.06734382855175239, 0.06767779404648507, 0.046678670988690656, 0.044236927197574834, 0.021594090685204587], "(0, 0, 4, 6)": [0.007871625923498401, -0.0006836956991793982, 0.003268856261185112, 0.001265036728524101, 0.004906340059537077], "(1, 0, 2, 3)": [0.0038289053280454273, 0.001217272646007158, 0.0014539315857965405, 0.0018195511208341114, 0.0021063458083572205], "(0, 0, -3, -2)": [0.02598598849247192, 0.006625513620605098, 0.018858400292689703, 0.025390505786073467, 0.019536975978594995], "(0, 0, -2, 0)": [0.016568139710445524, 0.02169192969286761, 0.018676234668601535, 0.027050977296427827, 0.02037340269941206], "(0, 0, -1, 2)": [0.0037367334490408144, 0.0, 0.008087705715987926, 0.0, 0.0009162936359643937], "(0, 0, 0, 3)": [0.013946652556878474, 0.027224256905518655, 0.006049770395717561, -0.0021848130971193315, 0.0014898904265113146], "(0, 0, -4, -5)": [0.007369727423293556, 0.005967156411895795, 0.016239461689067664, 0.013300141299203337, 0.02607841693608993], "(1, 0, 3, 4)": [0.001902756953203264, 0.0009198707460003905, 0.0025843660143434074, 0.00034978536810662984, 0.0009467415940016509], "(0, 0, 3, 2)": [0.014077203022881584, 0.03288419961064422, 0.002488785355777147, 0.013391604770035053, 0.0], "(0, 0, 2, 0)": [0.045279158774215705, 0.012614235997884953, 0.027460786352238947, 0.03417678589630176, 0.01793227109021345], "(0, 0, 3, 1)": [0.004473075942336762, 0.004466661033628082, 0.002053653577388184, 0.0009118053130805492, 0.0], "(0, 0, 0, -3)": [-0.0007238389207050206, 0.011803166462016191, 0.002100777801705041, -0.001286985957128927, 0.02820696995963226], "(0, 0, -1, -4)": [0.0, -0.005347301791328937, 0.00829442072585515, 0.011027370174787703, 0.012438795099925806], "(1, 0, 1, 2)": [0.001698747780174017, -0.000500957913434408, 0.00039476856799749516, 0.002597414650210476, 0.002815066734321788], "(1, 0, 0, 1)": [0.0, 0.0, 0.0, 0.002243563921013136, 0.0], "(1, 0, 1, 1)": [0.004255570759431709, 0.0025953635519496048, -0.0014400912262499332, 0.001468265512813314, 0.006720531698825833], "(-1, 0, -2, -1)": [0.012351216367078475, 0.014665386595476743, 0.013034456158768675, 0.013671870908093114, 0.016389944298586607], "(-1, 0, -1, 1)": [0.009795822832658651, 0.008800676824551773, 0.01426955517332289, 0.008077785699823606, 0.008933875223408876], "(-1, 0, -2, 0)": [0.010588700904034205, 0.008207663178979153, 0.0037297594790098583, 0.0065134335265622555, 0.003239560326480979], "(-1, 0, -1, 0)": [0.018823661679106634, 0.007076940088813767, 0.005542207111029217, 0.006972140402303165, 0.006110102194727557], "(-1, 0, 0, 2)": [0.012038159497087548, 0.008171108534804477, 0.006606630678342356, 0.004032284679279069, 0.00638377162218013], "(-1, 0, 0, 3)": [0.0024746445171127483, 0.00377557067908958, 0.0051837012385821165, 0.002751636276640177, 0.006706600210685152], "(-1, 0, 1, 4)": [0.007384817858183332, -0.002304976805256636, 0.0011478619887334875, 0.0008639655075967312, -0.0010720444807875904], "(-1, 0, 1, 5)": [-0.002202332392334938, 0.000907559814862907, 0.0, 0.0, 0.0], "(0, 0, -3, -6)": [-0.0022209784016013145, 0.0, -0.002204522676765919, 0.0, 0.010388977604300097], "(-1, 0, 0, 1)": [0.008143384551495887, 0.0035126003759535828, 0.009979369459169787, 0.001246758343351002, 0.009361609072839014], "(-1, 0, 1, 2)": [0.0012810436649279848, 0.002620673030896549, 0.004184136180724273, 0.007584311867843976, 0.003073142292039084],