{"q_values": {"(0, 0, 0, 0)": [0.09537063285431488, 0.09498310507546756, 0.09595234585556034, 0.09444224154736597, 0.09469634473957515], "(0, 0, 1, 1)": [0.09447262567099707, 0.09370244142949326, 0.0945723278352946, 0.09453776251980155, 0.09234423856641034], "(0, 0, 1, 2)": [0.07336183829277387, 0.09429744141531618, 0.0940312351302887, 0.0795976582733708, 0.08905566505947121], "(0, 0, 2, 2)": [0.09302605924734272, 0.08501103799411813, 0.09109870440036397, 0.09065879033288457, 0.0824035106027683], "(0, 0, 2, 3)": [0.08404533379568056, 0.0738361894921248, 0.08091976036714356, 0.08015863262995333, 0.0691004595217103], "(0, 0, 2, 4)": [0.06722168473675144, 0.06967040726840236, 0.06405631679089864, 0.038002415535602053, 0.04339756896945243], "(0, 0, 0, 1)": [0.09255236483326375, 0.09024298633630483, 0.09069749941916615, 0.08438043651743543, 0.08338175334901421], "(0, 0, -1, -2)": [0.08967812208555162, 0.07802959725643725, 0.09346711838962057, 0.09408906237381852, 0.09357395299564594], "(0, 0, 0, -1)": [0.07732527809028639, 0.08783105588122556, 0.09274041276600778, 0.09269016094243604, 0.09296878960499433], "(0, 0, -1, -1)": [0.09292000883526226, 0.09325204394899894, 0.09519726038887655, 0.09483217719424801, 0.09568534102961493], "(0, 0, 3, 4)": [0.07329989919431261, 0.0635672111444489, 0.035835862304493385, 0.0372874880267459, 0.017435577827038275], "(0, 0, -1, 0)": [0.08550135684337534, 0.08750554052619298, 0.08769932555730556, 0.08902628149249872, 0.08548400769816333], "(0, 0, -2, -2)": [0.08307364264152613, 0.08418764338399935, 0.08283652525033215, 0.08284890816203479, 0.09185605174753088], "(0, 0, -2, -3)": [0.0641420753617629, 0.08145431334176023, 0.08610978796916814, 0.0879925080753224, 0.09299791828720641], "(0, 0, 1, 3)": [0.07312153676276327, 0.06302570727576334, 0.06676639166654628, 0.07031984695226311, 0.0372281721317002], "(0, 0, 0, 2)": [0.06325504743044572, 0.06783409747536263, 0.05022763390811963, 0.04660825236450699, 0.04647287330592265], "(0, 0, -2, -1)": [0.0685281746950952, 0.05966828206308258, 0.05808326055823809, 0.054248358973144256, 0.06306083972845906], "(0, 0, -1, 1)": [0.04305483310482406, 0.042526404044507915, 0.024315068724833144, 0.0539181658973859, 0.03926441136261924], "(0, 0, 3, 5)": [0.04547889576097161, 0.020613090355655672, 0.029710656612948753, 0.02029251606585146, 0.003210318053086729], "(0, 0, 1, 0)": [0.07760187920464776, 0.08398044996795512, 0.07953698676656856, 0.08230858391105386, 0.0737110376945439], "(0, 0, -1, -3)": [0.037145586313254965, 0.0696164429371534, 0.0459504972514023, 0.06639594337538042, 0.06794865290923792], "(0, 0, 0, -2)": [0.026708179734513053, 0.04175936597608797, 0.03817290191468188, 0.039437148097988914, 0.05763345226593513], "(0, 0, -3, -3)": [0.038492872097867996, 0.02194762953869719, 0.021569318786037985, 0.05602489117123825, 0.03240634378714317], "(0, 0, 1, 4)": [0.007339219915808869, 0.006278045179735981, -0.00017903361025255844, -9.208864545340355e-05, 0.003831961625241565], "(0, 0, -2, -4)": [0.024430390600562596, 0.04047422837596824, 0.04171985855667385, 0.04580486239070978, 0.04262580799469356], "(0, 0, -3, -4)": [0.0209817341631481, 0.048446281954713094, 0.05732686862559519, 0.07554604056792695, 0.07268939856188168], "(0, 0, -3, -5)": [0.0083954205912366, 0.013468839103802298, 0.01492473398387557, 0.009844516444735968, 0.042735840090288565], "(0, 0, -4, -6)": [-0.002233068458735943, 0.003902350954478104, -0.002591632924683794, -0.002217931486666203, 0.012517921020874996], "(-1, 0, -4, -6)": [0.0, -0.002184409275650978, 0.0, 0.0, 0.0], "(0, 0, 4, 5)": [0.0036585789666070388, 0.0, 0.0029778258922511227, 0.0009176348336040974, -0.002185370959341526], "(0, 0, 2, 5)": [0.004970211205097244, 0.001084896269012777, 0.0, -0.0021844007074832915, 0.0], "(0, 0, 2, 1)": [0.03667244615452081, 0.04598324482636151, 0.02020532119361022, 0.029120392127504217, 0.041408418851672506], "(-1, 0, -2, -2)": [0.0025394704179926863, 0.0011148952867029705, 0.0014019043434415396, 0.003095268710326718, 0.0023425981572605713], "(-1, 0, -2, -3)": [0.0008420069701969624, 0.001877531168198733, 0.0009394482048228384, -0.0021950319409370423, -0.0011834734994032477], "(-1, 0, -3, -4)": [0.0, 0.0, 0.0, -0.0010545085607003418, 0.0009303271217360248], "(0, 0, 1, -1)": [0.015477126065504325, 0.03324866291992879, 0.023465773841799605, 0.04356329979214012, 0.049715127159372756], "(0, 0, 3, 6)": [0.0, -0.000909190789319721, 0.0, 0.0, 0.0], "(0, 0, 3, 3)": [0.032723459070784965, 0.048972369400276036, 0.02829959671879231, 0.026183311369208435, 0.008730414609145944], "(0, 0, 4, 6)": [-0.0022126182913780215, -0.0007561652598586429, 3.993817345728217e-05, -0.0014381574653089045, 0.0025438792972798047], "(1, 0, 2, 3)": [0.002942295176659503, 0.0001413020317025857, 0.0014539315857965405, 0.003281861249369416, 0.00010344594263471678], "(0, 0, -3, -2)": [0.0015924642761553137, 0.0, 0.01732236365109152, 0.012953895115435217, 0.011479476928094905], "(0, 0, -2, 0)": [0.00856561466342743, 0.0024567447305236167, 0.008155032454832737, 0.0, 0.001134399529778428], "(0, 0, -1, 2)": [0.0, 0.0, 0.0009294799529016018, 0.0, 0.0009162936359643937], "(0, 0, 0, 3)": [0.007403248007985508, 0.0092609393238137, 0.004186481736689937, -0.0021848130971193315, 0.0014898904265113146], "(0, 0, -4, -5)": [0.0029772462246910785, 0.0010832372845039201, 0.009363210978146515, 0.00509593236999986, 0.0048475777001109905], "(1, 0, 3, 4)": [0.0008558056317269803, 0.0009198707460003905, 0.0025843660143434074, -0.002189474366605282, 0.0], "(0, 0, 3, 2)": [0.0011046153486037502, 0.004524161106270099, 0.0012769182135529769, 0.0, 0.0], "(0, 0, 2, 0)": [0.015459542790397345, 0.007292504541970217, 0.011820205132643112, 0.014316967511595953, 0.004997328574323926], "(0, 0, 3, 1)": [0.004473075942336762, 0.0, 0.002053653577388184, 0.0009118053130805492, 0.0], "(0, 0, 0, -3)": [0.0016259295213967564, 0.0, 0.000974674585927278, 0.0009953604710288347, 0.004045505984080761], "(0, 0, -1, -4)": [0.0, -0.0035017527835443617, 0.0, 0.005924023600288682, 0.0], "(1, 0, 1, 2)": [0.001698747780174017, 0.0, 0.00039476856799749516, 0.00044017812188550023, 0.002815066734321788], "(1, 0, 0, 1)": [0.0, 0.0, 0.0, 0.0008387157693505288, 0.0], "(1, 0, 1, 1)": [0.004255570759431709, 0.0, -0.0014400912262499332, 0.0003795295226751384, 0.004455918639252675], "(-1, 0, -2, -1)": [0.002229466690880969, 0.003357997940032392, 0.003978326396595514, 0.0049259278385221225, 0.004324695116661497], "(-1, 0, -1, 1)": [0.0037821978701235797, 0.0022567082133705934, 0.005834450975155808, 0.004159864609978481, 0.0011910116376763528], "(-1, 0, -2, 0)": [0.004290675293777204, 0.002977069883875633, 0.0009913530200719833, 0.0008909908123314382, 0.0009176095016300679], "(-1, 0, -1, 0)": [0.004157265811753646, 0.003968834027175156, 0.003909238672460226, 0.001166841062444821, 0.0038839575219138094], "(-1, 0, 0, 2)": [0.0036072314919162306, 0.004435508590269409, 0.0050143691329731736, 0.0031100969766748713, 0.0010540717465706716], "(-1, 0, 0, 3)": [-0.000593231584521682, 0.0, 0.0, 0.000918441265821457, 0.0008952534757554532], "(-1, 0, 1, 4)": [0.0018192240500922248, 0.0023021343875240024, 0.0011478619887334875, 0.0008639655075967312, -0.00221075639128685], "(-1, 0, 1, 5)": [0.0, 0.000907559814862907, 0.0, 0.0, 0.0], "(0, 0, -3, -6)": [0.0, 0.0, 0.0, 0.0, 0.003214713830335192], "(-1, 0, 0, 1)": [0.0034191891113539326, 0.0, 0.002515770310830151, 0.001246758343351002, 0.0052344413720617575], "(-1, 0, 1, 2)": [0.0012810436649279848, 0.0011872422796256618, 0.004184136180724273, 0.006103015676055535, 0.000998734124004841], "(-1, 0, -1, -1)": [0.002053777095739435, 0.0032458885314962955, 0.0030156490116471425, 0.0007693760912321165, 0.00232789419479749], "(-1, 0, 1, 3)": [0.0011742733787473711, 0.002675613273728098, 0.0, 0.002210301585328885, 0.0027911286659500793], "(-1, 0, 2, 3)": [0.0, 0.0, 0.0011010898086813987, 0.0, 0.0], "(0, 0, 1, 5)": [0.0, 0.0, 0.001189438599952161, 0.0, 0.0],