{"q_values": {"(0, 0, 0, 0)": [0.0969922640373185, 0.09677489385074947, 0.0974592366262428, 0.09710664241938248, 0.0971442254631826], "(0, 0, 1, 1)": [0.09726465983997816, 0.09661490346720787, 0.0971844253562473, 0.09663855084905915, 0.09557053426645087], "(0, 0, 1, 2)": [0.09651497498382536, 0.09201707951656427, 0.0821327856898327, 0.09060271708761347, 0.0868846491225177], "(0, 0, 2, 2)": [0.09644579263434896, 0.09528071878826128, 0.0939692135384596, 0.08701714159383855, 0.09053750153811649], "(0, 0, 2, 3)": [0.09601579542633598, 0.0849866971491158, 0.08313731363116011, 0.08996084440815888, 0.08112729859823822], "(0, 0, 2, 4)": [0.0762250462204946, 0.07483838469741116, 0.07114015027357569, 0.038695586929457716, 0.047018974850118606], "(0, 0, 0, 1)": [0.09607315120451487, 0.0966109442341113, 0.0962726058198239, 0.09154701407550521, 0.09566263555000828], "(0, 0, -1, -2)": [0.08586463681283607, 0.09285764634942084, 0.09435960003490548, 0.09559615562705591, 0.09143442023678047], "(0, 0, 0, -1)": [0.09196205734263734, 0.09599861432477563, 0.09517959495379612, 0.09695426286280337, 0.09653831220295231], "(0, 0, -1, -1)": [0.09580717310140746, 0.09625854285106793, 0.09680755401464013, 0.09665860689794563, 0.09676447569707979], "(0, 0, 3, 4)": [0.0831231331472478, 0.05717333479461197, 0.06331441944296748, 0.06000630236137471, 0.023542261750650405], "(0, 0, -1, 0)": [0.08961501818379376, 0.09213655703316115, 0.09009933297838922, 0.09452890106299325, 0.09333646513127558], "(0, 0, -2, -2)": [0.08657123466032869, 0.09383461403274711, 0.09448868103948913, 0.08982068653805267, 0.09666476074729036], "(0, 0, -2, -3)": [0.06936119041896072, 0.07251722711141878, 0.07698005819042458, 0.0928224568840648, 0.09431570494644122], "(0, 0, 1, 3)": [0.08898702639068504, 0.08136446991760618, 0.08332012393214569, 0.08419913449891495, 0.056318933957546065], "(0, 0, 0, 2)": [0.049699385603831456, 0.06351396599941801, 0.05808634250666837, 0.05897679006486248, 0.053375870742723236], "(0, 0, -2, -1)": [0.06580710221969145, 0.07919027060662684, 0.07064940144778621, 0.0737980588973953, 0.07818590069808744], "(0, 0, -1, 1)": [0.03708190545107517, 0.05662623334443656, 0.0362136423924327, 0.05441469752216659, 0.0472757428408618], "(0, 0, 3, 5)": [0.052561354025465204, 0.02740579270011191, 0.03682690316933843, 0.02926103228817598, 0.00992029450529995], "(0, 0, 1, 0)": [0.08596668071402176, 0.08854754405541042, 0.09264175919699646, 0.0960159052030396, 0.08904611245659153], "(0, 0, -1, -3)": [0.05041022087049482, 0.061115703808357145, 0.04330419999832881, 0.07875006974664364, 0.07741405559301247], "(0, 0, 0, -2)": [0.057082879372560645, 0.07067958059030532, 0.05353668647840601, 0.06916595981789975, 0.07168773747356098], "(0, 0, -3, -3)": [0.04039414788644718, 0.033840873745442764, 0.03921073526409287, 0.07220953202657492, 0.054072349338580496], "(0, 0, 1, 4)": [0.007339219915808869, 0.006278045179735981, -0.00017903361025255844, 0.008123802018645905, 0.003831961625241565], "(0, 0, -2, -4)": [0.026083903720603843, 0.04235324189097088, 0.07374197596162985, 0.06708140251261285, 0.0670905810075592], "(0, 0, -3, -4)": [0.03937759509626751, 0.05348476435557648, 0.05380642309840083, 0.0827275457624076, 0.08006534107824877], "(0, 0, -3, -5)": [0.013096011641327931, 0.02596024353068592, 0.03818467891908928, 0.014589403102728412, 0.064988449887459], "(0, 0, -4, -6)": [-0.002233068458735943, 0.003902350954478104, -0.002591632924683794, -0.002217931486666203, 0.012517921020874996], "(-1, 0, -4, -6)": [0.0, -0.002184409275650978, 0.0, 0.0, 0.0], "(0, 0, 4, 5)": [0.0036585789666070388, 0.0, 0.0029778258922511227, 0.0009176348336040974, -0.002185370959341526], "(0, 0, 2, 5)": [-0.00016746326119513634, 0.005197120921423911, 0.0015668303610494616, -0.0021844007074832915, 0.002068792948795962], "(0, 0, 2, 1)": [0.059706715944915556, 0.0765518734912963, 0.058888999710688186, 0.04992280050303247, 0.0514783080802006], "(-1, 0, -2, -2)": [0.006181621629241542, 0.0011148952867029705, 0.002790308995117922, 0.005200542826889974, 0.00271246875105553], "(-1, 0, -2, -3)": [0.0008420069701969624, 0.003454107139999494, 0.002265269269804815, 0.0018037422406745772, -0.0011834734994032477], "(-1, 0, -3, -4)": [0.0, 0.0, 0.0, -0.0010545085607003418, 0.0009303271217360248], "(0, 0, 1, -1)": [0.04970927220664179, 0.05672988111778618, 0.03917134832457299, 0.06777661671079648, 0.05908744885827392], "(0, 0, 3, 6)": [0.0, -0.000909190789319721, 0.0, -0.002222730219364166, 0.0], "(0, 0, 3, 3)": [0.04438700818573861, 0.060859873861311725, 0.04112238647406716, 0.03148062404188645, 0.008730414609145944], "(0, 0, 4, 6)": [0.002919810687449347, 0.004337167865081792, 3.993817345728217e-05, -0.0014381574653089045, 0.00409109503091972], "(1, 0, 2, 3)": [0.002942295176659503, 0.001217272646007158, 0.0014539315857965405, 0.003281861249369416, 0.00010344594263471678], "(0, 0, -3, -2)": [0.01943492628075662, 0.006625513620605098, 0.01732236365109152, 0.025390505786073467, 0.011479476928094905], "(0, 0, -2, 0)": [0.00856561466342743, 0.012440690141757438, 0.010183610261526288, 0.011218223488483892, 0.020908237088970237], "(0, 0, -1, 2)": [0.0, 0.0, 0.008087705715987926, 0.0, 0.0009162936359643937], "(0, 0, 0, 3)": [0.013946652556878474, 0.015030625555586164, 0.004186481736689937, -0.0021848130971193315, 0.0014898904265113146], "(0, 0, -4, -5)": [0.0029772462246910785, 0.0010832372845039201, 0.009363210978146515, 0.00509593236999986, 0.019020462927937264], "(1, 0, 3, 4)": [0.0008558056317269803, 0.0009198707460003905, 0.0025843660143434074, -0.002189474366605282, 0.0], "(0, 0, 3, 2)": [0.014077203022881584, 0.004524161106270099, 0.0012769182135529769, 0.0, 0.0], "(0, 0, 2, 0)": [0.02292954548252523, 0.012614235997884953, 0.011820205132643112, 0.014316967511595953, 0.01112239688975293], "(0, 0, 3, 1)": [0.004473075942336762, 0.0, 0.002053653577388184, 0.0009118053130805492, 0.0], "(0, 0, 0, -3)": [0.0016259295213967564, 0.0, 0.002100777801705041, 0.0009953604710288347, 0.010325992285423777], "(0, 0, -1, -4)": [0.0, -0.005347301791328937, 0.0, 0.0031403766157047028, 0.0073104519758994445], "(1, 0, 1, 2)": [0.001698747780174017, -0.0021790049970149996, 0.00039476856799749516, 0.00044017812188550023, 0.002815066734321788], "(1, 0, 0, 1)": [0.0, 0.0, 0.0, 0.0008387157693505288, 0.0], "(1, 0, 1, 1)": [0.004255570759431709, 0.0, -0.0014400912262499332, 0.0003795295226751384, 0.004455918639252675], "(-1, 0, -2, -1)": [0.005393895957287788, 0.0053990900606034585, 0.006468082679115731, 0.006810828899322, 0.007878712830503001], "(-1, 0, -1, 1)": [0.004753322910766819, 0.003603265970195282, 0.006754156008159139, 0.005737575515533287, 0.004452252218112862], "(-1, 0, -2, 0)": [0.006548999967045781, 0.00402984347102341, 0.002243821841154142, 0.0008909908123314382, 0.003239560326480979], "(-1, 0, -1, 0)": [0.007085488120748459, 0.004950701402479269, 0.003909238672460226, 0.001166841062444821, 0.0038839575219138094], "(-1, 0, 0, 2)": [0.0047980306398204145, 0.005568037793911539, 0.0050143691329731736, 0.004032284679279069, 0.001981901959303646], "(-1, 0, 0, 3)": [0.0006034501391058602, 0.0022943983474494464, 0.0022251125587537525, 0.002751636276640177, 0.0038694121246337326], "(-1, 0, 1, 4)": [0.003760638823008771, -0.00012156201645933994, 0.0011478619887334875, 0.0008639655075967312, -0.0010720444807875904], "(-1, 0, 1, 5)": [-0.002202332392334938, 0.000907559814862907, 0.0, 0.0, 0.0], "(0, 0, -3, -6)": [-0.0022209784016013145, 0.0, -0.002204522676765919, 0.0, 0.003214713830335192], "(-1, 0, 0, 1)": [0.0034191891113539326, 0.0, 0.002515770310830151, 0.001246758343351002, 0.0052344413720617575], "(-1, 0, 1, 2)": [0.0012810436649279848, 0.0011872422796256618, 0.004184136180724273, 0.006103015676055535, 0.000998734124004841], "(-1, 0, -1, -1)": [0.005252334087099647, 0.005998390007371068, 0.005110506696502468, 0.004078657608450534, 0.00232789419479749],