{"q_values": {"(0, 0, 0, 0)": [0.09134895292439972, 0.09057059180684209, 0.09312581420733568, 0.09206775358394616, 0.09282003923330222], "(0, 0, 1, 1)": [0.0920724119100367, 0.08906153367249064, 0.09245626689269032, 0.08858411831651981, 0.0861670668696137], "(0, 0, 1, 2)": [0.09224381317925448, 0.09151296926593117, 0.09170934012546506, 0.06784278453431848, 0.08983227310360106], "(0, 0, 2, 2)": [0.08970118035479212, 0.07710718622667438, 0.07814362906034036, 0.08657235987366124, 0.06010194862246568], "(0, 0, 2, 3)": [0.0826212599517422, 0.07189320867926405, 0.08689015823102667, 0.069754619299914, 0.057888951979660014], "(0, 0, 2, 4)": [0.04827332191807807, 0.0603509603979966, 0.03780687300166702, 0.020608977344561717, 0.024155733502356943], "(0, 0, 0, 1)": [0.07656513544604705, 0.09212672084296827, 0.09184433203256487, 0.08270239942569502, 0.08965543053190565], "(0, 0, -1, -2)": [0.07767476769696205, 0.07807116433394695, 0.09055744082690095, 0.08698057759254307, 0.08848619613669986], "(0, 0, 0, -1)": [0.07985989136066089, 0.08434634223704016, 0.08613045695022577, 0.0864048269229842, 0.08152940778815725], "(0, 0, -1, -1)": [0.09003462952727144, 0.08967471930452886, 0.09347408144219561, 0.09101309767817527, 0.09311819615451923], "(0, 0, 3, 4)": [0.06087935485527528, 0.04744696331117184, 0.022231506810873963, 0.020363873715324235, 0.015078302557768992], "(0, 0, -1, 0)": [0.08252289849050211, 0.08732317356760338, 0.07685783160074619, 0.08497940603665285, 0.07908586691408674], "(0, 0, -2, -2)": [0.07860444779437288, 0.07938946316081105, 0.08209999986829192, 0.08847932995791816, 0.09011015006582751], "(0, 0, -2, -3)": [0.05337698243465635, 0.07901899155638034, 0.07590543413764521, 0.08560000527399882, 0.08897756151694867], "(0, 0, 1, 3)": [0.05661389023816931, 0.06949566119637338, 0.06087036526288098, 0.05011184754774899, 0.047936725135765745], "(0, 0, 0, 2)": [0.05470849202826207, 0.07187632030146167, 0.026201995002639242, 0.044232465564258215, 0.035968052013564546], "(0, 0, -2, -1)": [0.05072704587370289, 0.03856367123775988, 0.041025487973592414, 0.039962778820276094, 0.04990893362975204], "(0, 0, -1, 1)": [0.025027359734900206, 0.023445519539624537, 0.007588972415878335, 0.033658122238449904, 0.023695739847684583], "(0, 0, 3, 5)": [0.022091058446095924, 0.010106825144219754, 0.013438670143595526, 0.007504430241356736, -0.0018212201395131945], "(0, 0, 1, 0)": [0.077431880572494, 0.0705431194981888, 0.07433784808558024, 0.07591668324532293, 0.06085505828393388], "(0, 0, -1, -3)": [0.02522211633518166, 0.05569953507189694, 0.03511152497235026, 0.05345097267473816, 0.05541671826109293], "(0, 0, 0, -2)": [0.025407308086655447, 0.028673711328577135, 0.03429151241814028, 0.04938799873152479, 0.04162808505013964], "(0, 0, -3, -3)": [0.026629916283243335, 0.017744790947015483, 0.02157269096264223, 0.04770149145731285, 0.018458557131592102], "(0, 0, 1, 4)": [0.0, -0.0012174420438433905, 0.002247146149445442, -9.208864545340355e-05, 0.003831961625241565], "(0, 0, -2, -4)": [0.00933572130501921, 0.023776034548497103, 0.027551765528988664, 0.06221669676419629, 0.04276215739634398], "(0, 0, -3, -4)": [0.014035997640434828, 0.0362753749966599, 0.045939994385271576, 0.06280891376955243, 0.05668560331648973], "(0, 0, -3, -5)": [0.006774884252515814, 0.008647414689466537, 0.004923362118030285, 0.004132177357059099, 0.0133527329054554], "(0, 0, -4, -6)": [-0.002233068458735943, 0.003902350954478104, -0.002591632924683794, -0.002217931486666203, 0.006593243076722908], "(-1, 0, -4, -6)": [0.0, -0.002184409275650978, 0.0, 0.0, 0.0], "(0, 0, 4, 5)": [0.0036585789666070388, 0.0, 0.0029778258922511227, 0.0009176348336040974, -0.002185370959341526], "(0, 0, 2, 5)": [-0.0021847812458872795, 0.001084896269012777, 0.0, -0.0021844007074832915, 0.0], "(0, 0, 2, 1)": [0.031107940025830623, 0.03613501207116428, 0.020160550690675693, 0.029120392127504217, 0.03559899454908004], "(-1, 0, -2, -2)": [0.0016847239993512632, 0.0, 0.0, 0.003095268710326718, 0.0012551729835860873], "(-1, 0, -2, -3)": [0.0008420069701969624, 0.0, 0.0009394482048228384, -0.0021950319409370423, 0.0011205315239055846], "(-1, 0, -3, -4)": [0.0, 0.0, 0.0, -0.0021887071430683135, 0.0009303271217360248], "(0, 0, 1, -1)": [0.01515946190029184, 0.03261483156531097, 0.009337295788620487, 0.03876075551283295, 0.03735954813280279], "(0, 0, 3, 6)": [0.0, -0.000909190789319721, 0.0, 0.0, 0.0], "(0, 0, 3, 3)": [0.01873168345386129, 0.048972369400276036, 0.018881693419943234, 0.019718372199731684, 0.008730414609145944], "(0, 0, 4, 6)": [-0.0022126182913780215, 0.0016049721326202434, -0.004178395662456751, 0.0008824190124869347, 0.001805814290105733], "(1, 0, 2, 3)": [0.0019928335415338692, 0.0001413020317025857, -0.0008732374939694999, 0.002595287640430033, 0.00010344594263471678], "(0, 0, -3, -2)": [0.0015924642761553137, 0.0, 0.00920116223221761, 0.012953895115435217, 0.005650157980536418], "(0, 0, -2, 0)": [0.00856561466342743, 0.0024567447305236167, 0.008155032454832737, 0.0, 0.001134399529778428], "(0, 0, -1, 2)": [0.0, 0.0, 0.0009294799529016018, 0.0, 0.0009162936359643937], "(0, 0, 0, 3)": [0.0, 0.0092609393238137, 0.0027043845574482098, -0.0021848130971193315, 0.0], "(0, 0, -4, -5)": [0.0029772462246910785, 0.0010832372845039201, 0.006256038579232844, 0.00509593236999986, 0.0048475777001109905], "(1, 0, 3, 4)": [0.0008558056317269803, 0.0009198707460003905, 0.0017607150862924757, -0.002189474366605282, 0.0], "(0, 0, 3, 2)": [0.0011046153486037502, 0.004524161106270099, 0.0012769182135529769, 0.0, 0.0], "(0, 0, 2, 0)": [0.007777989541393039, 0.0027509409462355755, 0.011820205132643112, 0.010898819615450873, 0.004997328574323926], "(0, 0, 3, 1)": [0.004473075942336762, 0.0, 0.002053653577388184, 0.0009118053130805492, 0.0], "(0, 0, 0, -3)": [0.0016259295213967564, 0.0, 0.000974674585927278, 0.0009953604710288347, -0.0021895015612244605], "(0, 0, -1, -4)": [0.0, -0.0035017527835443617, 0.0, 0.005924023600288682, 0.0], "(1, 0, 1, 2)": [0.001698747780174017, 0.0, 0.00039476856799749516, -0.0021779751405119896, 0.002815066734321788], "(1, 0, 0, 1)": [0.0, 0.0, 0.0, 0.0008387157693505288, 0.0], "(1, 0, 1, 1)": [0.003662591602853259, 0.0, -0.0014400912262499332, 0.0019275473130081222, 0.003791468440768997], "(-1, 0, -2, -1)": [0.0, 0.0023249000964573625, 0.0029630473706199617, 0.0012651174909694884, 0.0021502761718176747], "(-1, 0, -1, 1)": [0.002053131149746478, 0.0, 0.004988683587168179, 0.0030628255742898075, 0.0011910116376763528], "(-1, 0, -2, 0)": [0.0, 0.0, 0.0009913530200719833, 0.0, 0.0], "(-1, 0, -1, 0)": [0.004157265811753646, 0.0032727878888415603, 0.003909238672460226, 0.001166841062444821, 0.0038839575219138094], "(-1, 0, 0, 2)": [0.0036072314919162306, 0.00339046097543632, 0.0031471111142552443, 0.002341139966985999, 0.0010540717465706716], "(-1, 0, 0, 3)": [-0.0021926309913396836, 0.0, 0.0, 0.000918441265821457, 0.0008952534757554532], "(-1, 0, 1, 4)": [0.0018192240500922248, 0.0, 0.0, 0.0008639655075967312, -0.00221075639128685], "(-1, 0, 1, 5)": [0.0, 0.000907559814862907, 0.0, 0.0, 0.0], "(0, 0, -3, -6)": [0.0, 0.0, 0.0, 0.0, 0.003214713830335192], "(-1, 0, 0, 1)": [0.002296726337058756, 0.0, 0.002515770310830151, 0.001246758343351002, 0.0045252258894834235], "(-1, 0, 1, 2)": [0.0012810436649279848, 0.0011872422796256618, 0.004184136180724273, 0.006103015676055535, 0.000998734124004841], "(-1, 0, -1, -1)": [0.002053777095739435, 0.002258988635343234, 0.0030156490116471425, 0.0007693760912321165, 0.00232789419479749], "(-1, 0, 1, 3)": [0.0011742733787473711, 0.0015402183742744492, 0.0, 0.0, 0.001816677715332312], "(-1, 0, 2, 3)": [0.0, 0.0, 0.0011010898086813987, 0.0, 0.0], "(0, 0, 1, 5)": [0.0, 0.0, 0.001189438599952161, 0.0, 0.0], "(-1, 0, -1, -2)": [0.0, 0.0008800823241472245, 0.0009184251613914967, -0.0013552588529884817, 0.0016940776144340635], "(-1, 0, 0, -1)": [0.0009277875609695912, 0.0, 0.0008614167571067811, 0.0, 0.0008249230682849884], "(-1, 0, -3, -3)": [0.0, 0.0, 0.0009584304215386511, 0.0, 0.0],