{"q_values": {"(0, 0, 0, 0)": [0.09692646033031334, 0.09635569080894112, 0.09724431992498285, 0.09585519806147011, 0.09363886154957424], "(0, 0, 1, 1)": [0.09448065624633711, 0.09564761664081288, 0.09623510161803624, 0.09159609386975355, 0.09372703586754384], "(0, 0, 1, 2)": [0.08516582002599303, 0.09350640244937027, 0.09288497778994356, 0.07508812179160289, 0.08129555572818464], "(0, 0, 2, 2)": [0.09516791671441159, 0.0917498221466003, 0.09215741032759159, 0.08649031953089932, 0.08818123219980431], "(0, 0, 2, 3)": [0.09510064852320362, 0.08998062363083231, 0.09248480867213763, 0.08461736483943967, 0.07385498999805534], "(0, 0, 2, 4)": [0.06858169610343598, 0.05876569052695361, 0.06966590206755036, 0.04650839507667089, 0.04631397192102105], "(0, 0, 0, 1)": [0.09491094765782214, 0.0885825545238649, 0.09579705281062181, 0.09331140791964451, 0.09240641367624072], "(0, 0, -1, -2)": [0.09251086315658183, 0.09258616760911599, 0.09281532086308263, 0.08924879928760618, 0.09222094480529204], "(0, 0, 0, -1)": [0.0931360212032129, 0.09371546774932688, 0.09577413222785794, 0.0932543715701016, 0.0921806409341877], "(0, 0, -1, -1)": [0.09314768763127373, 0.09468775678794852, 0.09664911113816113, 0.09184280918443687, 0.097071614343917], "(0, 0, 3, 4)": [0.0817907921727056, 0.06496561570970921, 0.06320201692590494, 0.04616876814276829, 0.02736066353802215], "(0, 0, -1, 0)": [0.08950374902110228, 0.09049568063532065, 0.08904804775274809, 0.09459947490865923, 0.08442532756710616], "(0, 0, -2, -2)": [0.0813722318770128, 0.09068388844814196, 0.09151159888672769, 0.08910278769248058, 0.0950059118496633], "(0, 0, -2, -3)": [0.05683827192469803, 0.07675092499974215, 0.07750161873807658, 0.09372662716830327, 0.08092941357746956], "(0, 0, 1, 3)": [0.08195704569826948, 0.06913409595353051, 0.07058622722360818, 0.07512607924640877, 0.03911256808130749], "(0, 0, 0, 2)": [0.05620494273586234, 0.0708733699539066, 0.05559323994778215, 0.055722414985892046, 0.052084598316630704], "(0, 0, -2, -1)": [0.07357673548752247, 0.07167418977398325, 0.0664021898300341, 0.06524978499154341, 0.0681533295046818], "(0, 0, -1, 1)": [0.04530756005065496, 0.04850048650149631, 0.033591859538010235, 0.05551994837643576, 0.04437982933744973], "(0, 0, 3, 5)": [0.03485040252286706, 0.028714464824452397, 0.03956766250569063, 0.019369120772302642, 0.013620605896785905], "(0, 0, 1, 0)": [0.08427735241730742, 0.0878687431638408, 0.09078656149784979, 0.0941790679195714, 0.08125557141121421], "(0, 0, -1, -3)": [0.04724848763061344, 0.07316662392156466, 0.0713801768563108, 0.06978161128214144, 0.06490155210826778], "(0, 0, 0, -2)": [0.05080560482738215, 0.05194300050838032, 0.0447753527337928, 0.04741355388744668, 0.06789663095228735], "(0, 0, -3, -3)": [0.038492872097867996, 0.025754569928372203, 0.02887584516238862, 0.0631826689666071, 0.04424564767854022], "(0, 0, 1, 4)": [0.007339219915808869, 0.006278045179735981, -0.00017903361025255844, -9.208864545340355e-05, 0.003831961625241565], "(0, 0, -2, -4)": [0.02954198650020406, 0.04361672053549147, 0.05915574640963074, 0.06273995707588728, 0.05459580378570499], "(0, 0, -3, -4)": [0.02788695685089405, 0.04988876972847137, 0.05721202566016104, 0.07839912724272487, 0.07651877781886961], "(0, 0, -3, -5)": [0.013096011641327931, 0.017002199616807916, 0.016761994644061695, 0.018643373104634865, 0.05180566679335302], "(0, 0, -4, -6)": [-0.002233068458735943, 0.003902350954478104, -0.002591632924683794, -0.002217931486666203, 0.012517921020874996], "(-1, 0, -4, -6)": [0.0, -0.002184409275650978, 0.0, 0.0, 0.0], "(0, 0, 4, 5)": [0.0036585789666070388, 0.0, 0.0029778258922511227, 0.0009176348336040974, -0.002185370959341526], "(0, 0, 2, 5)": [0.00226537685890097, 0.00819818830502351, 0.0, -0.0021844007074832915, 0.0], "(0, 0, 2, 1)": [0.05140564333568969, 0.06832971667327152, 0.04509976479801479, 0.03900957807729732, 0.04672516943611558], "(-1, 0, -2, -2)": [0.0041293905948846885, 0.0011148952867029705, 0.0014019043434415396, 0.005200542826889974, 0.003335798923816775], "(-1, 0, -2, -3)": [0.0008420069701969624, 0.003454107139999494, 0.0009394482048228384, 0.0004089921432710714, -0.0011834734994032477], "(-1, 0, -3, -4)": [0.0, 0.0, 0.0, -0.0010545085607003418, 0.0009303271217360248], "(0, 0, 1, -1)": [0.03343561567166891, 0.04804624714268867, 0.026432860125138957, 0.04913428904503358, 0.055248463402688866], "(0, 0, 3, 6)": [0.0, -0.000909190789319721, 0.0, 0.0, 0.0], "(0, 0, 3, 3)": [0.04438700818573861, 0.052808167048102816, 0.02829959671879231, 0.03148062404188645, 0.008730414609145944], "(0, 0, 4, 6)": [-0.0022126182913780215, -0.0007561652598586429, 3.993817345728217e-05, -0.0014381574653089045, 0.0025438792972798047], "(1, 0, 2, 3)": [0.002942295176659503, 0.001217272646007158, 0.0014539315857965405, 0.003281861249369416, 0.00010344594263471678], "(0, 0, -3, -2)": [0.0015924642761553137, 0.0, 0.01732236365109152, 0.01292467855346255, 0.011479476928094905], "(0, 0, -2, 0)": [0.00856561466342743, 0.0024567447305236167, 0.008155032454832737, 0.005734010489439067, 0.016507065485001693], "(0, 0, -1, 2)": [0.0, 0.0, 0.0009294799529016018, 0.0, 0.0009162936359643937], "(0, 0, 0, 3)": [0.007403248007985508, 0.015030625555586164, 0.004186481736689937, -0.0021848130971193315, 0.0014898904265113146], "(0, 0, -4, -5)": [0.0029772462246910785, 0.0010832372845039201, 0.009363210978146515, 0.00509593236999986, 0.019020462927937264], "(1, 0, 3, 4)": [0.0008558056317269803, 0.0009198707460003905, 0.0025843660143434074, -0.002189474366605282, 0.0], "(0, 0, 3, 2)": [0.007822557389045573, 0.004524161106270099, 0.0012769182135529769, 0.0, 0.0], "(0, 0, 2, 0)": [0.01895617544842425, 0.012614235997884953, 0.011820205132643112, 0.014316967511595953, 0.01112239688975293], "(0, 0, 3, 1)": [0.004473075942336762, 0.0, 0.002053653577388184, 0.0009118053130805492, 0.0], "(0, 0, 0, -3)": [0.0016259295213967564, 0.0, 0.002100777801705041, 0.0009953604710288347, 0.010325992285423777], "(0, 0, -1, -4)": [0.0, -0.005347301791328937, 0.0, 0.005924023600288682, 0.0], "(1, 0, 1, 2)": [0.001698747780174017, -0.0021790049970149996, 0.00039476856799749516, 0.00044017812188550023, 0.002815066734321788], "(1, 0, 0, 1)": [0.0, 0.0, 0.0, 0.0008387157693505288, 0.0], "(1, 0, 1, 1)": [0.004255570759431709, 0.0, -0.0014400912262499332, 0.0003795295226751384, 0.004455918639252675], "(-1, 0, -2, -1)": [0.00334062525596371, 0.0053990900606034585, 0.003978326396595514, 0.0049259278385221225, 0.006094131782455656], "(-1, 0, -1, 1)": [0.0037821978701235797, 0.0022567082133705934, 0.005834450975155808, 0.004159864609978481, 0.0011910116376763528], "(-1, 0, -2, 0)": [0.004290675293777204, 0.002977069883875633, 0.0009913530200719833, 0.0008909908123314382, 0.0009176095016300679], "(-1, 0, -1, 0)": [0.006095239176817617, 0.004950701402479269, 0.003909238672460226, 0.001166841062444821, 0.0038839575219138094], "(-1, 0, 0, 2)": [0.0036072314919162306, 0.004435508590269409, 0.0050143691329731736, 0.0031100969766748713, 0.0010540717465706716], "(-1, 0, 0, 3)": [-0.000593231584521682, 0.0, 0.0, 0.000918441265821457, 0.0008952534757554532], "(-1, 0, 1, 4)": [0.0018192240500922248, 0.0023021343875240024, 0.0011478619887334875, 0.0008639655075967312, -0.00221075639128685], "(-1, 0, 1, 5)": [0.0, 0.000907559814862907, 0.0, 0.0, 0.0], "(0, 0, -3, -6)": [-0.0022209784016013145, 0.0, -0.002204522676765919, 0.0, 0.003214713830335192], "(-1, 0, 0, 1)": [0.0034191891113539326, 0.0, 0.002515770310830151, 0.001246758343351002, 0.0052344413720617575], "(-1, 0, 1, 2)": [0.0012810436649279848, 0.0011872422796256618, 0.004184136180724273, 0.006103015676055535, 0.000998734124004841], "(-1, 0, -1, -1)": [0.0031954661561622855, 0.005998390007371068, 0.004144184686020798, 0.004078657608450534, 0.00232789419479749], "(-1, 0, 1, 3)": [0.0011742733787473711, 0.002675613273728098, 0.0, 0.002210301585328885, 0.0027911286659500793], "(-1, 0, 2, 3)": [0.0, 0.0, 0.0011010898086813987, 0.0, 0.0],