{"q_values": {"(0, 0, 0, 0)": [0.09781188672193829, 0.0975530652121546, 0.0977217917174088, 0.09708808798802039, 0.09739327452856644], "(0, 0, 1, 1)": [0.0976755648294058, 0.09705655890576216, 0.09718837523293258, 0.09641516452659585, 0.0963370915119804], "(0, 0, 1, 2)": [0.08662158525560071, 0.09630987807488024, 0.08916648807983915, 0.0834518890558995, 0.09168596739804101], "(0, 0, 2, 2)": [0.09605491213617116, 0.09612080100356887, 0.09576785155551147, 0.09089183285024827, 0.09243375613399468], "(0, 0, 2, 3)": [0.09618145434479322, 0.09195169715291343, 0.0897902339608209, 0.0830541175044666, 0.08261152259958186], "(0, 0, 2, 4)": [0.06305184257509878, 0.07916844615664462, 0.05918649670634936, 0.0683251175206902, 0.043143698955993875], "(0, 0, 0, 1)": [0.08973410944013621, 0.0877617211892618, 0.0942972866703936, 0.09290107398976342, 0.09474781883774344], "(0, 0, -1, -2)": [0.07969558634025335, 0.09585082934442664, 0.08431396005214409, 0.09678807487389347, 0.095571204601128], "(0, 0, 0, -1)": [0.09461380970542593, 0.09391084827003003, 0.09665389624991227, 0.09243318584148569, 0.0923411850948184], "(0, 0, -1, -1)": [0.09667581971466023, 0.09722439334246344, 0.0977372774897194, 0.09720067920883639, 0.09754363110453], "(0, 0, 3, 4)": [0.0851972137209824, 0.082474985440136, 0.076613233562439, 0.06566994282175102, 0.04334510428944569], "(0, 0, -1, 0)": [0.09434346395701909, 0.09480485060231157, 0.09147256558848742, 0.08959172630272433, 0.09540929964615964], "(0, 0, -2, -2)": [0.08486556412936012, 0.09455917648820349, 0.09356250328675154, 0.09299937117954171, 0.097154105402836], "(0, 0, -2, -3)": [0.08431998759320469, 0.07603628961919735, 0.08310284397326309, 0.08669394049182975, 0.09531924894649982], "(0, 0, 1, 3)": [0.0796326725286916, 0.07944057595981589, 0.08254723055085028, 0.06707283810236805, 0.05858861663317474], "(0, 0, 0, 2)": [0.08264102024582357, 0.07458241603777352, 0.06473233900630236, 0.06480098743434116, 0.06156542962608523], "(0, 0, -2, -1)": [0.07442235985255685, 0.08372602717751738, 0.08455578484665642, 0.08100582289850873, 0.08689258998389099], "(0, 0, -1, 1)": [0.06791293741049083, 0.06419584819528525, 0.06382936107170961, 0.06563310312687441, 0.06487177032856992], "(0, 0, 3, 5)": [0.03537544773187717, 0.05167007675540118, 0.035635822314786986, 0.033466422482309514, 0.008686129912085429], "(0, 0, 1, 0)": [0.08596179382042533, 0.09399888142784107, 0.09347308170209388, 0.08140461546948317, 0.09274625970953829], "(0, 0, -1, -3)": [0.05470358602763935, 0.04776454658169402, 0.05919872289079403, 0.059808312047617364, 0.06921746337171192], "(0, 0, 0, -2)": [0.06309974144212692, 0.04913878377744083, 0.06187976638646018, 0.08708877132470978, 0.08191577216554582], "(0, 0, -3, -3)": [0.049650243930167114, 0.04096697295250751, 0.04472009210532081, 0.0856150462396405, 0.07566674093672006], "(0, 0, 1, 4)": [0.01918075490003355, 0.021113576387473923, 0.01173661036856989, 0.0094509771568335, 0.004741330228076352], "(0, 0, -2, -4)": [0.06409841446622015, 0.06518004676082724, 0.07229830346761848, 0.08522135940440081, 0.062007858868902054], "(0, 0, -3, -4)": [0.05924117183856227, 0.07883759863713606, 0.053281386815949586, 0.07577430426854825, 0.08505842389471095], "(0, 0, -3, -5)": [0.019529911925596836, 0.02862501025858578, 0.06205150817969007, 0.04476259366621242, 0.08245247341932224], "(0, 0, -4, -6)": [-0.002233068458735943, 0.005571687659288121, 0.006470760765487317, 0.0012548827632507982, 0.012517921020874996], "(-1, 0, -4, -6)": [0.0, -0.002184409275650978, 0.0, 0.0, 0.0], "(0, 0, 4, 5)": [0.019572590372386546, 0.0, 0.0029778258922511227, 0.002850184251679433, 0.0008934879207259652], "(0, 0, 2, 5)": [-0.00016746326119513634, 0.005197120921423911, -0.0008084506161560824, 0.0014848678172218865, 0.002068792948795962], "(0, 0, 2, 1)": [0.09077605325598401, 0.08591988873058368, 0.08952308391524105, 0.07976271737591459, 0.06556285608180518], "(-1, 0, -2, -2)": [0.004993086290433046, 0.0011148952867029705, 0.0038006494232387354, 0.005558711482827981, 0.005810910376802679], "(-1, 0, -2, -3)": [0.0017613799595483613, 0.005829998342858443, 0.002265269269804815, 0.0018037422406745772, 0.0027371905805009143], "(-1, 0, -3, -4)": [0.0018540414736037487, 0.0009224307127296924, 0.001331257713658234, 0.00034349838851066615, 0.0009303271217360248], "(0, 0, 1, -1)": [0.07426363607019984, 0.08052705282878134, 0.07213325164348672, 0.07826383590454794, 0.08010963535202367], "(0, 0, 3, 6)": [-0.0021881099790334703, -0.000909190789319721, 0.0063482054238427855, 2.2814257349819097e-05, 0.0], "(0, 0, 3, 3)": [0.06966831999803229, 0.06767779404648507, 0.05170760207997308, 0.04689804374211516, 0.03304771148480047], "(0, 0, 4, 6)": [0.007871625923498401, -0.0006836956991793982, 0.003268856261185112, 0.001265036728524101, 0.004906340059537077], "(1, 0, 2, 3)": [0.0038289053280454273, 0.001217272646007158, 0.00285277150069614, 0.0018195511208341114, 0.0021063458083572205], "(0, 0, -3, -2)": [0.02598598849247192, 0.006625513620605098, 0.02663693804111545, 0.043084045574646304, 0.026634644284220448], "(0, 0, -2, 0)": [0.023949299808991936, 0.021331193885834345, 0.018676234668601535, 0.0319232274328175, 0.0204801166019872], "(0, 0, -1, 2)": [0.0037367334490408144, 0.0, 0.008087705715987926, 0.0, 0.0009162936359643937], "(0, 0, 0, 3)": [0.013946652556878474, 0.027224256905518655, 0.006049770395717561, -0.0021848130971193315, 0.0014898904265113146], "(0, 0, -4, -5)": [0.007369727423293556, 0.005967156411895795, 0.016239461689067664, 0.013300141299203337, 0.02607841693608993], "(1, 0, 3, 4)": [0.001902756953203264, 0.0009198707460003905, 0.0025843660143434074, 0.00034978536810662984, 0.0009467415940016509], "(0, 0, 3, 2)": [0.014077203022881584, 0.04851088120051749, 0.002488785355777147, 0.013391604770035053, 0.00699393276324424], "(0, 0, 2, 0)": [0.06548913117146618, 0.0201505172583709, 0.03591998925784096, 0.05379130311246448, 0.04727862012132307], "(0, 0, 3, 1)": [0.004473075942336762, 0.012820239387446922, 0.002053653577388184, 0.005216891167113518, 0.0], "(0, 0, 0, -3)": [-0.0028444000619463625, 0.011803166462016191, -0.0002895723192399991, -0.001286985957128927, 0.02320237610169861], "(0, 0, -1, -4)": [0.0, -0.005347301791328937, 0.00829442072585515, 0.011027370174787703, 0.017891674880309627], "(1, 0, 1, 2)": [0.001698747780174017, -0.000500957913434408, 0.00039476856799749516, 0.002597414650210476, 0.003770143373096784], "(1, 0, 0, 1)": [0.0, 0.0, 0.0, 0.002243563921013136, 0.0], "(1, 0, 1, 1)": [0.005120230431653224, 0.0025953635519496048, 0.0016822171630948447, 0.001468265512813314, 0.0043055997950700205], "(-1, 0, -2, -1)": [0.01292994067601896, 0.014665386595476743, 0.014191094729551981, 0.015092591922899086, 0.019141247072500468], "(-1, 0, -1, 1)": [0.011650322650186881, 0.010650769004287394, 0.014913957611386955, 0.008077785699823606, 0.012717640432490743], "(-1, 0, -2, 0)": [0.010588700904034205, 0.008207663178979153, 0.0037297594790098583, 0.008039057161855006, 0.006782900496678816], "(-1, 0, -1, 0)": [0.02049995052599662, 0.010097202372061596, 0.009674285083158209, 0.00854938515967717, 0.007770573055191306], "(-1, 0, 0, 2)": [0.013052741740171032, 0.01016685979578239, 0.006606630678342356, 0.003104502700985858, 0.006049869159257262], "(-1, 0, 0, 3)": [0.00505422015590319, 0.00377557067908958, 0.0051837012385821165, 0.011781808154722488, 0.0076718026522161545], "(-1, 0, 1, 4)": [0.00546102509279491, -0.00046910387914052233, 0.0011478619887334875, -6.80724991920993e-05, -0.0010720444807875904], "(-1, 0, 1, 5)": [-0.002202332392334938, 0.000907559814862907, 0.0, 0.0, 0.0], "(0, 0, -3, -6)": [-0.0022209784016013145, 0.0, -0.002204522676765919, 0.0, 0.010388977604300097], "(-1, 0, 0, 1)": [0.008143384551495887, 0.0035126003759535828, 0.009979369459169787, 0.001246758343351002, 0.009934305980965483], "(-1, 0, 1, 2)": [0.0012810436649279848, 0.002620673030896549, 0.004184136180724273, 0.007584311867843976, 0.003073142292039084],