{"q_values": {"(0, 0, 0, 0)": [0.06537707624667283, 0.06495211941271264, 0.07486398589786514, 0.06986267729570995, 0.06663614747862588], "(0, 0, 1, 1)": [0.06966075175387243, 0.06172133588941992, 0.06624070169359388, 0.06494295034136188, 0.05591540208501193], "(0, 0, 1, 2)": [0.06470166779788082, 0.06283825830122972, 0.05866589811153531, 0.051695018148884525, 0.041729482435311084], "(0, 0, 2, 2)": [0.03902638563892849, 0.04182966024120191, 0.032762717206078054, 0.029316840728133498, 0.03220029228095431], "(0, 0, 2, 3)": [0.05658366243605899, 0.0444705038775616, 0.03755988059614321, 0.035917771224647184, 0.02150446969639927], "(0, 0, 2, 4)": [0.014451307769227732, 0.007100188457498989, 0.01225044722349879, 0.006206726611342871, 0.005257361598915884], "(0, 0, 0, 1)": [0.0495637791076341, 0.06005509953564092, 0.053995833384670115, 0.04657097085612745, 0.0538547061231272], "(0, 0, -1, -2)": [0.04250203874304309, 0.05257277123387551, 0.049863685123846556, 0.05553543071726028, 0.05464564600026171], "(0, 0, 0, -1)": [0.054857635663510276, 0.051520782262256294, 0.05115418254276904, 0.057669839958187766, 0.05446915431724324], "(0, 0, -1, -1)": [0.05096209076552541, 0.06276022880322209, 0.056307474720084655, 0.05625293745604385, 0.06998215420267825], "(0, 0, 3, 4)": [0.01661555990885118, 0.018785560806556963, 0.005688796698484436, 0.011894404571885533, 0.007203859218567561], "(0, 0, -1, 0)": [0.03902414086429735, 0.038562468516566126, 0.03418327885322181, 0.04566813383086985, 0.030664681664053544], "(0, 0, -2, -2)": [0.022909497804594826, 0.027668495306159852, 0.019872987908603416, 0.02491104656465198, 0.04221414662252017], "(0, 0, -2, -3)": [0.015803906075338853, 0.0338686819327045, 0.03265373746066888, 0.02954068865791758, 0.05526084709221282], "(0, 0, 1, 3)": [0.0258065457931378, 0.03044264037649315, 0.022770432719608765, 0.010499880320601904, -0.0023182828191586607], "(0, 0, 0, 2)": [0.004982539985283646, 0.015146225419328647, -0.002177092991769314, 0.00856733770094063, 0.002881427370862081], "(0, 0, -2, -1)": [0.006553377817628282, 0.002347535486502537, 0.003968851061925275, 0.004231348800933794, 0.007931761292848553], "(0, 0, -1, 1)": [0.0013161979188719836, 0.005927227840165753, 0.003444406776405857, 0.002903438908390883, 0.002239825490825377], "(0, 0, 3, 5)": [0.003114672472824291, 0.007915765928195892, 0.002029082688575553, 0.002758109181793071, -0.0024963798381388187], "(0, 0, 1, 0)": [0.03270015185460772, 0.03702371251873118, 0.033754311491781507, 0.026775238479118578, 0.03550433632918725], "(0, 0, -1, -3)": [0.008329410541952732, 0.009158560811798902, 0.013350233842110417, 0.018117471465258248, 0.021938410427052798], "(0, 0, 0, -2)": [0.006340957656714035, 0.0026397604345850473, 0.00518685848064418, 0.006112067938273086, 0.010025098141327859], "(0, 0, -3, -3)": [0.0015866679671506356, 0.002461360078700867, 0.007071026254588596, 0.0, 0.0], "(0, 0, 1, 4)": [0.0, 0.0, 0.0012736430903247517, 0.0, 0.0021993858932502905], "(0, 0, -2, -4)": [0.0018604384196683403, 0.003950322307375459, 0.006121439263050869, 0.013859456211380542, 0.013636389469145232], "(0, 0, -3, -4)": [0.005904804221468541, 0.006639310232577799, 0.004458898352367168, 0.010887434909868172, 0.014602608996292947], "(0, 0, -3, -5)": [0.0018232214774936439, 0.0023361183799254976, 0.0061921224401823224, 0.0012114369732841514, 0.0030608326496248035], "(0, 0, -4, -6)": [0.0, 0.001674185246229172, -0.0022195914760231973, 0.0, 0.0], "(-1, 0, -4, -6)": [0.0, -0.002184409275650978, 0.0, 0.0, 0.0], "(0, 0, 4, 5)": [0.0, 0.0, 0.0, 0.0009176348336040974, -0.002185370959341526], "(0, 0, 2, 5)": [0.0, 0.0012955914900568259, 0.0, 0.0, 0.0], "(0, 0, 2, 1)": [0.0, 0.004518200661150894, 0.0, 0.0, 0.0], "(-1, 0, -2, -2)": [0.0008702537044882775, 0.0, 0.0, 0.0, 0.0], "(-1, 0, -2, -3)": [0.0008420069701969624, 0.0, 0.0, 0.0, 0.0], "(-1, 0, -3, -4)": [0.0, 0.0, 0.0, -0.0021887071430683135, 0.0], "(0, 0, 1, -1)": [0.002913209867628634, 0.01010761437916766, -0.0021797612309455874, 0.0, 0.0], "(0, 0, 3, 6)": [0.0, 0.0014364655476393003, 0.0, 0.0, 0.0], "(0, 0, 3, 3)": [0.003409137403655409, 0.0, 0.005499228636152422, 0.0, 0.003312482119474627], "(0, 0, 4, 6)": [0.0, 0.0, -0.002214646153151989, 0.0008824190124869347, 0.0009170500729233027], "(1, 0, 2, 3)": [0.0, -0.00219311248511076, -0.0021803583949804306, 0.0017244584076106548, -0.0010295391576364637], "(0, 0, -3, -2)": [0.0, 0.0, 0.0034811018874287072, 0.0, 0.001305171334931611], "(0, 0, -2, 0)": [0.0015596649857363848, 0.0, 0.007396123929712452, 0.0, 0.0], "(0, 0, -1, 2)": [0.0, 0.0, 0.0009294799529016018, 0.0, 0.0009162936359643937], "(0, 0, 0, 3)": [0.0, 0.0016171165902122292, 0.0, 0.0, 0.0], "(0, 0, -4, -5)": [0.00110773060255502, 0.0010832372845039201, 0.0, 0.0, 0.0029767647702350812], "(1, 0, 3, 4)": [0.0008558056317269803, 0.0, 0.000922698142938316, -0.002189474366605282, 0.0]}}