{"q_values": {"(0, -1, 0, 0)": [0.029841697816011585, 0.03300052423863579, 0.030381909189528482, 0.027682612766961594, 0.026820845799492295], "(0, -1, 0, 1)": [0.024923731228667468, 0.02466754070231721, 0.024558982059181562, 0.02283574438805687, 0.018091261366306118], "(0, -1, 0, 2)": [0.013374364957362824, 0.013478104200456979, 0.011778879476389018, 0.007994857428959029, 0.00826838671492269], "(0, -1, 0, -1)": [0.03291728810732863, 0.03374891024051835, 0.03167669869671321, 0.030200723758586, 0.030166524576257025], "(0, -1, 0, -2)": [0.02490193542680186, 0.029924532436559983, 0.029363896055239595, 0.026752055290298293, 0.03403196256327831], "(0, -1, 0, -3)": [0.0173562019033462, 0.020582198158080465, 0.02232845367756878, 0.025411274611364606, 0.02953082234401571], "(0, -1, 0, -4)": [0.013186644688768902, 0.008715001428098775, 0.008464861248959617, 0.01619396098209893, 0.015492937166213546], "(0, -1, 0, -5)": [0.005163188958612558, 0.0046978097994448305, 0.009323904654341046, 0.0106558250230925, 0.00923657189125298], "(0, -2, 0, -6)": [0.007666928364841679, 0.011887613652983567, 0.009256064889229473, 0.011941873343153058, 0.015872046145098555], "(0, -2, 0, -4)": [0.02002379080097816, 0.020823153361213573, 0.019338196441195502, 0.020781969355099943, 0.018264180646393787], "(0, -2, 0, -5)": [0.012816731328591593, 0.01892711436999377, 0.020316103568437573, 0.019177537479494577, 0.016772306649157423], "(0, -3, 0, -7)": [0.010907344114505252, 0.010983333848140008, 0.010962746109845706, 0.017056975683672104, 0.013763901190389522], "(0, -3, 0, -6)": [0.016396645646364106, 0.016652435611666468, 0.013459425842936575, 0.015603473964293294, 0.010880441087949937], "(0, -3, 0, -5)": [0.013822612666404395, 0.013332008363596099, 0.01343266699010564, 0.012593956696598341, 0.01242711841800918], "(0, -3, 0, -4)": [0.012623470450359305, 0.004839628147837375, 0.010426822511056297, 0.007734665055215525, 0.0070974365543328595], "(0, -4, 0, -4)": [0.0019622452394547547, 0.0, 0.0, 0.0, 0.00171802336582914], "(0, -4, 0, -6)": [0.0013857017738600206, 0.005997712741191188, 0.004477502639339045, 0.0037764166710767912, 0.00208927082795684], "(0, -4, 0, -7)": [0.003336967455322134, 0.003879245602327176, 0.0007478507413272331, 0.003205483360369573, 0.007862053418562071], "(0, -2, -1, -7)": [0.0031341153629896408, 0.002247685383662757, 0.004154720998188485, 0.003764609487320528, 0.0018664261492541167], "(0, -3, 0, -8)": [0.005356265110417424, 0.005822118413351392, 0.00824485625733678, 0.0067408982418165255, 0.009973777168028048], "(0, -4, 0, -8)": [0.0019483432463546432, 0.003698347767117882, -0.0029305066527187673, -0.0021767304566991026, -0.0031343480670762147], "(0, 1, 0, 0)": [0.03138799949736077, 0.03488268807173566, 0.03673430350495032, 0.036673118688877876, 0.03859541768782136], "(0, 1, 0, 1)": [0.03486898819377381, 0.03821469795569778, 0.03455876678365394, 0.03581111027496523, 0.03638845138826207], "(0, 1, 0, 2)": [0.03660626661813541, 0.03683427987726618, 0.03814382857395936, 0.036770719991975, 0.033079733045330566], "(0, 1, 0, 3)": [0.034688304395636485, 0.03308530110057132, 0.03549623806190942, 0.02824393594799905, 0.019616138836178104], "(0, 1, 0, 4)": [0.02740655137828262, 0.02333159533911555, 0.02251402585041209, 0.017137660473801553, 0.00918237541219085], "(0, 2, 0, 4)": [0.024452984899987647, 0.023453923405397856, 0.022396349696855458, 0.02209795937525305, 0.023098505394337245], "(0, 2, 0, 5)": [0.02035530347496807, 0.02056192712017381, 0.01678032604502924, 0.016228082013288056, 0.013457512979441233], "(0, 2, 0, 6)": [0.012505068854547177, 0.009318424778338483, 0.01101209675228032, 0.011005739269248367, 0.007845547162778323], "(0, 2, 0, 3)": [0.029989936436104044, 0.02637152751441818, 0.0283595706589362, 0.02684797243331522, 0.023271565176478902], "(0, 2, 0, 2)": [0.02596818465382782, 0.026577250867815743, 0.02778694932451907, 0.028198385642440354, 0.026832899223798008], "(0, 2, 0, 1)": [0.019807281921757812, 0.01249092393807092, 0.021070286548859427, 0.019081274414398754, 0.023940893941410076], "(0, 3, 0, 3)": [0.0068710045855291295, 0.003319421405149707, 0.004735433800505776, 0.00769837325898696, 0.009164492558388717], "(0, 3, 0, 2)": [0.002670576174236709, 0.002162338102934853, 0.004988802503524786, 0.001924872495600395, 0.0034910770216558156], "(0, 3, 0, 4)": [0.008320314381951813, 0.008215631273705327, 0.016207691229354292, 0.016841376327325942, 0.015805364861247173], "(0, 3, 0, 5)": [0.017619967615158383, 0.017459935561919906, 0.02206375113143507, 0.017173039179863556, 0.01575926848281996], "(0, 3, 0, 7)": [0.01732431174995834, 0.01574326862255736, 0.014792080907183284, 0.012000553094766527, 0.009432835361793594], "(0, 3, 0, 6)": [0.011842195686895313, 0.01997694414810617, 0.015645983483439724, 0.01775262834999249, 0.015429985466171409], "(0, 4, 0, 8)": [0.006875022291514703, 0.0018599431238179973, -0.006047851871803759, 0.004895994969824933, 0.0008649037924458368], "(0, 4, 0, 7)": [0.0032406169097545963, 0.009858467967379384, 0.008295034817835192, 0.009773650595865477, 0.005464745276054463], "(0, 4, 0, 9)": [0.005135866024161533, 0.0035392101702353533, -0.004170893072148879, -0.0002448726906031368, -0.004240376596972347], "(0, 1, 0, -1)": [0.01828050898645023, 0.020410278358721588, 0.024548025966356888, 0.030878143079540125, 0.03226475373591789], "(0, 1, 0, -2)": [0.003779272762168528, 0.008995577334262119, 0.0065096747348132285, 0.015131280602381218, 0.012977612841041906], "(0, 1, 0, -3)": [0.001983017089776695, 0.0, 0.0014571750021594649, 0.0, 0.004617828482494556], "(0, 4, 0, 10)": [0.0, -0.005928428906947375, -0.001140363458544016, -0.0010577847678214314, -0.0014273121207952497], "(0, -1, 0, 3)": [0.004292607622311873, 0.0035241863085105074, 0.0010850633047521114, 0.004661232948437446, 0.000996325258165598], "(0, -1, 1, 3)": [0.006123690741766313, 0.0026596586655677984, 0.0, 0.003401611613175928, 0.00253032667615456], "(0, 0, 0, 2)": [0.025906048187410862, 0.01928226686864516, 0.02327940088901876, 0.023377266636619806, 0.017779516361497334], "(0, 0, 0, 3)": [0.018552723862773835, 0.01644661203725847, 0.015183190058956726, 0.010874000566015878, 0.008711332354037114], "(0, 0, 0, 1)": [0.032997674570040714, 0.03288729399826855, 0.029542000270527828, 0.02971588910324816, 0.022863539783346824], "(0, 0, 0, 0)": [0.033645942241308444, 0.03217944132754879, 0.031769664190656625, 0.03181811864997992, 0.030888616500439312], "(0, 0, 0, -1)": [0.02669757346262511, 0.029196649408090507, 0.03377159229318884, 0.031354364691058824, 0.03203169235950041], "(0, 0, 0, -2)": [0.016600601182258746, 0.015247926377744827, 0.023257882871638033, 0.02513165083336432, 0.02785763715511635], "(0, 0, 0, -3)": [0.008759147342149918, 0.008297959689892328, 0.015373768916722836, 0.012246253872504878, 0.01461648127276978], "(0, -2, 0, -7)": [0.0019118564154207707, 0.001150484156434408, 0.006760050454428816, 0.00405293252248544, 0.0054272990048211366], "(0, -4, 0, -9)": [-0.0010651348789436244, 7.248707880643597e-05, -0.0013014207991413691, 0.0008553905845620968, 0.0016242234941614437], "(0, -2, 0, -2)": [0.02393752991118818, 0.022468732077530213, 0.02154471558470028, 0.021754271221151145, 0.025122906141622357], "(0, -2, 0, -1)": [0.016884013749767, 0.022651681049832784, 0.024939366287367936, 0.016383745156933985, 0.021588946442439576], "(0, -2, 0, -3)": [0.0193856385717863, 0.021558178751007077, 0.024592496868722814, 0.02520018134822464, 0.02093850940817594], "(0, 1, 0, -4)": [0.0, 0.0020751446444201857, 0.0, 0.0, 0.0], "(0, 1, -1, -4)": [0.0, 0.0, 0.0011138054031711569, 0.0, 0.0], "(0, 3, 0, 8)": [0.008911858717016493, 0.010425348088282724, 0.0034960397349873247, 0.0034674455200838098, 0.005054848319385142], "(0, 3, 0, 9)": [0.004432767145619064, 0.001052371931532398, 0.0017680368209257724, 0.0010402521652076394, 0.001666349256411195], "(0, 0, -1, -3)": [0.0009989534504711629, 0.0, 0.001227429886236662, 0.0, 0.004729189529910163],