{"q_values": {"(0, -1, 0, 0)": [0.0, 0.0048694796963155715, 0.0032021959527785207, 0.004326431863671474, 0.005215125202084107], "(0, -1, 0, 1)": [0.0, 0.005911751273991204, 0.0023243375234624757, 0.003674457510610851, 0.0019728224811051045], "(0, -1, 0, 2)": [0.0, 0.001075927988626063, 0.0011663736597039738, 0.0, 0.0], "(0, -1, 0, -1)": [0.0018788246158510447, 0.0, 0.0, 0.003404725219399562, 0.0012865896375455043], "(0, -1, 0, -2)": [0.0, 0.0, 0.002076020438959686, 0.0, 0.001295415617578402], "(0, -1, 0, -3)": [0.0, 0.0009813371114432811, 0.0010824273867693353, 0.0011035381569760897, 0.0], "(0, -1, 0, -4)": [0.0009788677096366882, 0.0, 0.0, 0.0, 0.0], "(0, -1, 0, -5)": [0.0, 0.0009756786748766899, 0.0, 0.0, 0.0], "(0, -2, 0, -6)": [0.0, 0.0010414087278302758, 0.0010407696058973672, 0.0, 0.0019900978749804203], "(0, -2, 0, -4)": [0.0, 0.0, 0.0009693895466625691, 0.0, 0.0], "(0, -2, 0, -5)": [0.0009359890595078469, 0.00104559478815645, 0.0019186794366687536, 0.0, 0.0], "(0, -3, 0, -7)": [0.0, 0.0, 0.0, 0.0009291318245232106, 0.0], "(0, -3, 0, -6)": [0.0, 0.0, 0.0, 0.0, 0.0017472564522176982], "(0, -3, 0, -5)": [0.0, 0.0, 0.0009109778329730034, 0.0009867907967418433, 0.0008989658206701279], "(0, -3, 0, -4)": [0.0, 0.0, 0.0010434027579012326, 0.0025296640622941777, 0.0008937292732298374], "(0, -4, 0, -4)": [0.000863152090460062, 0.0, 0.0, 0.0, 0.0], "(0, -4, 0, -6)": [0.0, 0.0, 0.0008534487336874009, 0.0, 0.0], "(0, -4, 0, -7)": [0.0, 0.0, -0.0013636438971385359, 0.0008430765941739083, 0.0]}}