{"q_values": {"(0, 0, 0, 0)": [0.09592879145029733, 0.09683021669122603, 0.09726060947516368, 0.09674152792028558, 0.09682743897457315], "(0, 0, 1, 1)": [0.0968171274060036, 0.09660394697509952, 0.0971296765396528, 0.09484025560273932, 0.09594465173783923], "(0, 0, 1, 2)": [0.09607827716689679, 0.09571539111789404, 0.08043421087204133, 0.09358118796680899, 0.08796035604291821], "(0, 0, 2, 2)": [0.09589617788087167, 0.09444099602064553, 0.09631135106190478, 0.09136937433419863, 0.0910355950653638], "(0, 0, 2, 3)": [0.09638080211722133, 0.09360491370832558, 0.09351301374901015, 0.08864558122277817, 0.07945061372401963], "(0, 0, 2, 4)": [0.06158745970637382, 0.08207706707722434, 0.07607693362443482, 0.04485459128300208, 0.05155847938027536], "(0, 0, 0, 1)": [0.09573915524286686, 0.09651492117065201, 0.09594383809243025, 0.09073631889698526, 0.08338342539274791], "(0, 0, -1, -2)": [0.09022410348975976, 0.09161275949473262, 0.09539213934038203, 0.09470822481417243, 0.08942196631073476], "(0, 0, 0, -1)": [0.08425956260483725, 0.0951685844790521, 0.0951926512280932, 0.09659850084997511, 0.09545630431256939], "(0, 0, -1, -1)": [0.09572410909000045, 0.09540614294667084, 0.09085302616780012, 0.09665326812130352, 0.09660275650777278], "(0, 0, 3, 4)": [0.09005470694865134, 0.06780062263741504, 0.06335694508093655, 0.07166200480449648, 0.03796496108888132], "(0, 0, -1, 0)": [0.09124988179666038, 0.09306959633643275, 0.09082575466873702, 0.09250769742691428, 0.09354293602316403], "(0, 0, -2, -2)": [0.08332842766011109, 0.09395768501411236, 0.08930543666164956, 0.09336936870493327, 0.09604758639768855], "(0, 0, -2, -3)": [0.07680588800458514, 0.08692257378660745, 0.08167178768778144, 0.0904286008030057, 0.09367833539069309], "(0, 0, 1, 3)": [0.07882730854414666, 0.06025747077231866, 0.0803932863471672, 0.06432896794526584, 0.050116930237225216], "(0, 0, 0, 2)": [0.06470897497680383, 0.07815546832066005, 0.05981830408999037, 0.054197420125523504, 0.07273737559627554], "(0, 0, -2, -1)": [0.0801062761839069, 0.0809500135570568, 0.08489087211669286, 0.08119514785393764, 0.08257949983637876], "(0, 0, -1, 1)": [0.049714798087762246, 0.06162151238830446, 0.04180991800476516, 0.055918470127065543, 0.055482118389043454], "(0, 0, 3, 5)": [0.04489782240918586, 0.0382430332037825, 0.03682690316933843, 0.02926103228817598, 0.00849043773375838], "(0, 0, 1, 0)": [0.08895616532062237, 0.0922043896264572, 0.09403880006421984, 0.0923757806652129, 0.0920334266245782], "(0, 0, -1, -3)": [0.06740037385896447, 0.06923303261248066, 0.06273115292233722, 0.07067780329590177, 0.0818135334717225], "(0, 0, 0, -2)": [0.06395077455342282, 0.07916766002525472, 0.05385417828926727, 0.07881062059650232, 0.0652244047487141], "(0, 0, -3, -3)": [0.04039414788644718, 0.03816144795661694, 0.04472009210532081, 0.07676804260443588, 0.060842903999306495], "(0, 0, 1, 4)": [0.007339219915808869, 0.01420120453437763, 0.009533128333241056, 0.008123802018645905, 0.003831961625241565], "(0, 0, -2, -4)": [0.05366711697100886, 0.05262460677569566, 0.05487199712292358, 0.041433097405580724, 0.06179825676389679], "(0, 0, -3, -4)": [0.05330316380061485, 0.06370681637109661, 0.06539283214967008, 0.08282116324124773, 0.0848729718930674], "(0, 0, -3, -5)": [0.018758998421505718, 0.018722529137306737, 0.04254185082989674, 0.02208285696216509, 0.0733959588117753], "(0, 0, -4, -6)": [-0.002233068458735943, 0.003902350954478104, 0.00436507752871026, -0.002217931486666203, 0.012517921020874996], "(-1, 0, -4, -6)": [0.0, -0.002184409275650978, 0.0, 0.0, 0.0], "(0, 0, 4, 5)": [0.019572590372386546, 0.0, 0.0029778258922511227, 0.002850184251679433, 0.0008934879207259652], "(0, 0, 2, 5)": [-0.00016746326119513634, 0.005197120921423911, 0.0015668303610494616, -0.0021844007074832915, 0.002068792948795962], "(0, 0, 2, 1)": [0.07152731833477122, 0.0841052246444061, 0.06615846416911984, 0.06099993667609921, 0.059752324774495574], "(-1, 0, -2, -2)": [0.006716917783194409, 0.0011148952867029705, 0.0038006494232387354, 0.005200542826889974, 0.00271246875105553], "(-1, 0, -2, -3)": [0.0017613799595483613, 0.004027590873385809, 0.002265269269804815, 0.0018037422406745772, -0.001686703734022974], "(-1, 0, -3, -4)": [0.0010321261696517468, 0.0009224307127296924, 0.0, 0.00034349838851066615, 0.0009303271217360248], "(0, 0, 1, -1)": [0.05900533994292203, 0.05672988111778618, 0.03873435163056224, 0.07297934523175173, 0.05908744885827392], "(0, 0, 3, 6)": [0.0, -0.000909190789319721, 0.0, -0.002222730219364166, 0.0], "(0, 0, 3, 3)": [0.05856571713965441, 0.06449791609701525, 0.04885174664922493, 0.04004124747760049, 0.021594090685204587], "(0, 0, 4, 6)": [0.002919810687449347, -0.0006836956991793982, 0.003268856261185112, 0.001265036728524101, 0.004906340059537077], "(1, 0, 2, 3)": [0.002942295176659503, 0.001217272646007158, 0.0014539315857965405, 0.000765744145597845, 0.001215658877648621], "(0, 0, -3, -2)": [0.01943492628075662, 0.006625513620605098, 0.01732236365109152, 0.025390505786073467, 0.011479476928094905], "(0, 0, -2, 0)": [0.00856561466342743, 0.013993716583340136, 0.018676234668601535, 0.019616590647603786, 0.02037340269941206], "(0, 0, -1, 2)": [0.0037367334490408144, 0.0, 0.008087705715987926, 0.0, 0.0009162936359643937], "(0, 0, 0, 3)": [0.013946652556878474, 0.027224256905518655, 0.006049770395717561, -0.0021848130971193315, 0.0014898904265113146], "(0, 0, -4, -5)": [0.0029772462246910785, 0.0010832372845039201, 0.015912017573365272, 0.00509593236999986, 0.019020462927937264], "(1, 0, 3, 4)": [0.001902756953203264, 0.0009198707460003905, 0.0025843660143434074, -0.0008751826462976419, 0.0], "(0, 0, 3, 2)": [0.014077203022881584, 0.012010320570378777, 0.0012769182135529769, 0.0, 0.0], "(0, 0, 2, 0)": [0.02292954548252523, 0.012614235997884953, 0.011820205132643112, 0.014316967511595953, 0.01793227109021345], "(0, 0, 3, 1)": [0.004473075942336762, 0.0, 0.002053653577388184, 0.0009118053130805492, 0.0], "(0, 0, 0, -3)": [0.0016259295213967564, 0.0, 0.002100777801705041, 0.0009953604710288347, 0.010325992285423777], "(0, 0, -1, -4)": [0.0, -0.005347301791328937, 0.00829442072585515, 0.0031403766157047028, 0.0073104519758994445], "(1, 0, 1, 2)": [0.001698747780174017, -0.0021790049970149996, 0.00039476856799749516, 0.00044017812188550023, 0.002815066734321788], "(1, 0, 0, 1)": [0.0, 0.0, 0.0, 0.0008387157693505288, 0.0], "(1, 0, 1, 1)": [0.004255570759431709, 0.0, -0.0014400912262499332, 0.0003795295226751384, 0.004455918639252675], "(-1, 0, -2, -1)": [0.005393895957287788, 0.0053990900606034585, 0.006468082679115731, 0.006810828899322, 0.007878712830503001], "(-1, 0, -1, 1)": [0.004753322910766819, 0.003603265970195282, 0.006754156008159139, 0.005737575515533287, 0.004452252218112862], "(-1, 0, -2, 0)": [0.006548999967045781, 0.00402984347102341, 0.002243821841154142, 0.0008909908123314382, 0.003239560326480979], "(-1, 0, -1, 0)": [0.007085488120748459, 0.004950701402479269, 0.003909238672460226, 0.001166841062444821, 0.0038839575219138094], "(-1, 0, 0, 2)": [0.0047980306398204145, 0.005568037793911539, 0.0050143691329731736, 0.004032284679279069, 0.001981901959303646], "(-1, 0, 0, 3)": [0.0006034501391058602, 0.0022943983474494464, 0.0022251125587537525, 0.002751636276640177, 0.0038694121246337326], "(-1, 0, 1, 4)": [0.003760638823008771, -0.00012156201645933994, 0.0011478619887334875, 0.0008639655075967312, -0.0010720444807875904], "(-1, 0, 1, 5)": [-0.002202332392334938, 0.000907559814862907, 0.0, 0.0, 0.0], "(0, 0, -3, -6)": [-0.0022209784016013145, 0.0, -0.002204522676765919, 0.0, 0.010388977604300097], "(-1, 0, 0, 1)": [0.0034191891113539326, 0.0, 0.003312830450091727, 0.001246758343351002, 0.0052344413720617575], "(-1, 0, 1, 2)": [0.0012810436649279848, 0.0011872422796256618, 0.004184136180724273, 0.006103015676055535, 0.000998734124004841], "(-1, 0, -1, -1)": [0.005252334087099647, 0.005998390007371068, 0.005110506696502468, 0.004952033361681747, 0.00232789419479749],