{"q_values": {"(0, 0, 0, 0)": [0.09002110775230085, 0.08903193822431575, 0.09181071289950235, 0.08676487453105897, 0.08794596290056889], "(0, 0, 1, 1)": [0.08938350554523429, 0.08919709947334073, 0.0880269057664474, 0.08477804242117552, 0.0838421609542036], "(0, 0, 1, 2)": [0.0868866501662413, 0.08818568535986676, 0.0871360185212004, 0.0785516412623803, 0.077891725691508], "(0, 0, 2, 2)": [0.0786893908442232, 0.0783494998766955, 0.06321461494011354, 0.06802104080426309, 0.05352429982803152], "(0, 0, 2, 3)": [0.08406408894457522, 0.08244445584675203, 0.07669150797166283, 0.05971620257849812, 0.042052375148426836], "(0, 0, 2, 4)": [0.05215013857168193, 0.03871134989196216, 0.033986315593306435, 0.010152640877442057, 0.012890058782285097], "(0, 0, 0, 1)": [0.08611429837094337, 0.07228455656345349, 0.08427010745658359, 0.07123876008675101, 0.08264658792266691], "(0, 0, -1, -2)": [0.0637595050724972, 0.07330947131972296, 0.08486667236560791, 0.07647659741531365, 0.08721959479051367], "(0, 0, 0, -1)": [0.08288038439833707, 0.08365478863884075, 0.07910847940164929, 0.08016576910738799, 0.08071352844021723], "(0, 0, -1, -1)": [0.08150944857772391, 0.08566868524062135, 0.0902647669087605, 0.08760357681812975, 0.09080691921057654], "(0, 0, 3, 4)": [0.049596036880855364, 0.03554747117734852, 0.013832982275892403, 0.02133308199830746, 0.010891943926775564], "(0, 0, -1, 0)": [0.06984248394121247, 0.06942814108147628, 0.06294885846097281, 0.07724352369860578, 0.07235183193898695], "(0, 0, -2, -2)": [0.05711359738536843, 0.06120930331540066, 0.061841525732729025, 0.06731781643196136, 0.0790006288497039], "(0, 0, -2, -3)": [0.03773118854324422, 0.05375826391006549, 0.06843534004812668, 0.07455447742309278, 0.08420932609502922], "(0, 0, 1, 3)": [0.0409543921296901, 0.053905143294096174, 0.028249863743139467, 0.02498469186180068, 0.022371540947415138], "(0, 0, 0, 2)": [0.037076942232283715, 0.055297626894504764, 0.01304135224413637, 0.03203078646032272, 0.039659954291319556], "(0, 0, -2, -1)": [0.042648610765686136, 0.03856367123775988, 0.026139894688819283, 0.030110332172431052, 0.03722489394467926], "(0, 0, -1, 1)": [0.018596677123329308, 0.016806524181445237, 0.005571578784750819, 0.018874463044755235, 0.018660977772400396], "(0, 0, 3, 5)": [0.006685722834679503, 0.010106825144219754, 0.0028494106463161665, 0.002758109181793071, -0.0023134252535318344], "(0, 0, 1, 0)": [0.048950310245382, 0.05918316859520778, 0.05282570751294575, 0.050081479315755746, 0.05121081165971896], "(0, 0, -1, -3)": [0.012307979497653356, 0.03963665307289512, 0.021920480628206677, 0.018549932558493472, 0.03729941602679651], "(0, 0, 0, -2)": [0.006662881746147018, 0.010529684303756965, 0.005547925082271058, 0.02007136434674066, 0.021658620071439413], "(0, 0, -3, -3)": [0.019105520912903833, 0.01056503493929278, 0.015603771216983926, 0.021170737813739994, 0.018458557131592102], "(0, 0, 1, 4)": [0.0, -0.0012174420438433905, 0.002247146149445442, -9.208864545340355e-05, 0.003831961625241565], "(0, 0, -2, -4)": [0.011862835814415922, 0.01663790180911247, 0.01777757464034961, 0.025404379155026476, 0.0315093531316442], "(0, 0, -3, -4)": [0.011932446907906038, 0.024868815978296363, 0.026715509631743593, 0.04686101565286819, 0.04095458152444775], "(0, 0, -3, -5)": [0.0031507460311718328, 0.007320300490570801, 0.007346917655097433, 0.004132177357059099, 0.0133527329054554], "(0, 0, -4, -6)": [-0.002233068458735943, 0.002755077509721364, -0.00044982452327223233, 0.0, 0.006593243076722908], "(-1, 0, -4, -6)": [0.0, -0.002184409275650978, 0.0, 0.0, 0.0], "(0, 0, 4, 5)": [0.0036585789666070388, 0.0, 0.0, 0.0009176348336040974, -0.002185370959341526], "(0, 0, 2, 5)": [-0.0021847812458872795, 0.001084896269012777, 0.0, 0.0, 0.0], "(0, 0, 2, 1)": [0.0, 0.010167585462888155, 0.0, 0.008968269193413736, 0.0017708026284861634], "(-1, 0, -2, -2)": [0.0016847239993512632, 0.0, 0.0, 0.003095268710326718, 0.0012551729835860873], "(-1, 0, -2, -3)": [0.0008420069701969624, 0.0, 0.0009394482048228384, 0.0, 0.0011205315239055846], "(-1, 0, -3, -4)": [0.0, 0.0, 0.0, -0.0021887071430683135, 0.0], "(0, 0, 1, -1)": [0.0073683454407883955, 0.011939820116081492, -0.00014297913109897684, 0.013265760272359341, 0.004379049865828559], "(0, 0, 3, 6)": [0.0, -0.000909190789319721, 0.0, 0.0, 0.0], "(0, 0, 3, 3)": [0.003409137403655409, 0.021717423998805552, 0.011359138985401172, 0.0038032075882448602, 0.008591018520606696], "(0, 0, 4, 6)": [0.0, 0.0016049721326202434, -0.002214646153151989, 0.0008824190124869347, 0.0009170500729233027], "(1, 0, 2, 3)": [0.0009658099480342121, -0.00219311248511076, -0.0021803583949804306, 0.0017244584076106548, -0.0010295391576364637], "(0, 0, -3, -2)": [0.0015924642761553137, 0.0, 0.00920116223221761, 0.012953895115435217, 0.005650157980536418], "(0, 0, -2, 0)": [0.00856561466342743, 0.0024567447305236167, 0.008155032454832737, 0.0, -0.002175603620707989], "(0, 0, -1, 2)": [0.0, 0.0, 0.0009294799529016018, 0.0, 0.0009162936359643937], "(0, 0, 0, 3)": [0.0, 0.0092609393238137, 0.0027043845574482098, 0.0, 0.0], "(0, 0, -4, -5)": [0.0029772462246910785, 0.0010832372845039201, 0.006256038579232844, 0.00509593236999986, 0.0078166252640582], "(1, 0, 3, 4)": [0.0008558056317269803, 0.0, 0.000922698142938316, -0.002189474366605282, 0.0], "(0, 0, 3, 2)": [0.0, 0.0012982494120664847, 0.0012769182135529769, 0.0, 0.0], "(0, 0, 2, 0)": [0.0, 0.0018258910132384393, 0.0, 0.0008978194557130337, 0.0009035922586917878], "(0, 0, 3, 1)": [0.0010018840730190279, 0.0, 0.001001030127517879, 0.0009118053130805492, 0.0], "(0, 0, 0, -3)": [0.0016259295213967564, 0.0, 0.0, 0.0, 0.0], "(0, 0, -1, -4)": [0.0, -0.0035017527835443617, 0.0, 0.0, 0.0], "(1, 0, 1, 2)": [0.0008478840813040734, 0.0, 0.0009517828330766411, 0.0, 0.0010439467434212567], "(1, 0, 0, 1)": [0.0, 0.0, 0.0, 0.0008387157693505288, 0.0], "(1, 0, 1, 1)": [0.0, 0.0, -0.0014400912262499332, 0.0, 0.0], "(-1, 0, -2, -1)": [0.0, 0.0023249000964573625, 0.0029630473706199617, 0.0012651174909694884, 0.0021502761718176747], "(-1, 0, -1, 1)": [0.002053131149746478, 0.0, 0.004988683587168179, 0.0030628255742898075, 0.0011910116376763528], "(-1, 0, -2, 0)": [0.0, 0.0, 0.0009913530200719833, 0.0, 0.0], "(-1, 0, -1, 0)": [0.004157265811753646, 0.0032727878888415603, 0.003909238672460226, 0.001166841062444821, 0.0038839575219138094], "(-1, 0, 0, 2)": [0.0036072314919162306, 0.00339046097543632, 0.0031471111142552443, 0.002341139966985999, 0.0010540717465706716], "(-1, 0, 0, 3)": [-0.0021926309913396836, 0.0, 0.0, 0.000918441265821457, 0.0008952534757554532], "(-1, 0, 1, 4)": [0.0018192240500922248, 0.0, 0.0, 0.0008639655075967312, -0.00221075639128685], "(-1, 0, 1, 5)": [0.0, 0.000907559814862907, 0.0, 0.0, 0.0], "(0, 0, -3, -6)": [0.0, 0.0, 0.0, 0.0, 0.003214713830335192], "(-1, 0, 0, 1)": [0.002296726337058756, 0.0, 0.002515770310830151, 0.001246758343351002, 0.0045252258894834235], "(-1, 0, 1, 2)": [0.0012810436649279848, 0.0011872422796256618, 0.004184136180724273, 0.006103015676055535, 0.000998734124004841], "(-1, 0, -1, -1)": [0.002053777095739435, 0.002258988635343234, 0.0030156490116471425, 0.0007693760912321165, 0.00232789419479749], "(-1, 0, 1, 3)": [0.0011742733787473711, 0.0015402183742744492, 0.0, 0.0, 0.001816677715332312], "(-1, 0, 2, 3)": [0.0, 0.0, 0.0011010898086813987, 0.0, 0.0], "(0, 0, 1, 5)": [0.0, 0.0, 0.001189438599952161, 0.0, 0.0], "(-1, 0, -1, -2)": [0.0, 0.0008800823241472245, 0.0, -0.0013552588529884817, 0.00086932722479105], "(-1, 0, 0, -1)": [0.0009277875609695912, 0.0, 0.0008614167571067811, 0.0, 0.0], "(-1, 0, -3, -3)": [0.0, 0.0, 0.0009584304215386511, 0.0, 0.0], "(-1, 0, -3, -5)": [0.0, 0.0008577018976211548, 0.0, 0.0, -0.00217672735452652]}}