{"q_values": {"(0, 0, 0, 0)": [0.09580375549256288, 0.09565280134103342, 0.09550083078110366, 0.0955887232658402, 0.0948079876646117], "(0, 0, 1, 1)": [0.09473267780289515, 0.09275838153700879, 0.09474399581713222, 0.09470114969017633, 0.09262777595308194], "(0, 0, 1, 2)": [0.09502162228200446, 0.08246468470765958, 0.0867449198036882, 0.08470717580943139, 0.09095521683089684], "(0, 0, 2, 2)": [0.09254768716262077, 0.09467451781364905, 0.09353347341469628, 0.09355265161839459, 0.08430947817209877], "(0, 0, 2, 3)": [0.09517389019667409, 0.09192514414147045, 0.08811092663566837, 0.09137483267349755, 0.08392985424311301], "(0, 0, 2, 4)": [0.06755532165296815, 0.06860225989336631, 0.062471295495973175, 0.06258516386868164, 0.03419241675356574], "(0, 0, 0, 1)": [0.09451246780083482, 0.0919899086026499, 0.08509341476639756, 0.09236451214850483, 0.09302068416448454], "(0, 0, -1, -2)": [0.08915701666554449, 0.08172083935913024, 0.08753488758337646, 0.0886110440134697, 0.09014009238636896], "(0, 0, 0, -1)": [0.09169752997791122, 0.09148302985489076, 0.0925989452992714, 0.09495154741547221, 0.09492989089667898], "(0, 0, -1, -1)": [0.09431183512035995, 0.09492991047394464, 0.09181367718061426, 0.0956540524063497, 0.09542805156146449], "(0, 0, 3, 4)": [0.09018631726271423, 0.08589253566567671, 0.07787338397760332, 0.0698515470270271, 0.04348165317355029], "(0, 0, -1, 0)": [0.09150859314001698, 0.08709323282867304, 0.09069557959600655, 0.0920855648943718, 0.09142220072708579], "(0, 0, -2, -2)": [0.09228093009024851, 0.08455889344523938, 0.08994738905859773, 0.09162666690612382, 0.09524143854793513], "(0, 0, -2, -3)": [0.07848946644010686, 0.0860477213393447, 0.07853562459629601, 0.08407673626862638, 0.09488241507303286], "(0, 0, 1, 3)": [0.07478125312617431, 0.0350891132957523, 0.06521941682651429, 0.06637615510854636, 0.06090837025086979], "(0, 0, 0, 2)": [0.07099789966201724, 0.07304686486529627, 0.0744767842117357, 0.07516371469811561, 0.06553645239252794], "(0, 0, -2, -1)": [0.08713978101831714, 0.08650578506279437, 0.08939056330553632, 0.0898468164551877, 0.08957041204323767], "(0, 0, -1, 1)": [0.08968029172607409, 0.08139904827090558, 0.0729025354466894, 0.07982913284780704, 0.06617054646187724], "(0, 0, 3, 5)": [0.03537544773187717, 0.03168683247871743, 0.044654507692010424, 0.0375220411642199, 0.008686129912085429], "(0, 0, 1, 0)": [0.0920687014958621, 0.09155178740514666, 0.09383285697509898, 0.0931828125151081, 0.09256727052799653], "(0, 0, -1, -3)": [0.056944437514237764, 0.0690981465166693, 0.0640696788552866, 0.06589819003149983, 0.07883152147219893], "(0, 0, 0, -2)": [0.049209180241575334, 0.06813342867434216, 0.0638576002269666, 0.07493473806413056, 0.07200538828810184], "(0, 0, -3, -3)": [0.06389589263288714, 0.049856898301150816, 0.06078214881763462, 0.09221426506805795, 0.07935997377233243], "(0, 0, 1, 4)": [0.01963825806937681, 0.016823229397930784, 0.009796157233198273, 0.011241204205709626, 0.002058673752986765], "(0, 0, -2, -4)": [0.03993473258590184, 0.07699259008294566, 0.05767326273814677, 0.06883526761743486, 0.06540628285011091], "(0, 0, -3, -4)": [0.061706033762063336, 0.08255639154158154, 0.06369891074434993, 0.07656626245808859, 0.09202351224060255], "(0, 0, -3, -5)": [0.019529911925596836, 0.02862501025858578, 0.06447952330770408, 0.0494827400739626, 0.0816993100595709], "(0, 0, -4, -6)": [-0.002233068458735943, 0.005571687659288121, 0.006470760765487317, 0.0012548827632507982, 0.012517921020874996], "(-1, 0, -4, -6)": [0.0, -0.002184409275650978, 0.0, 0.0, 0.0], "(0, 0, 4, 5)": [0.019572590372386546, 0.008807086183244255, 0.0029778258922511227, 0.002850184251679433, 0.0008934879207259652], "(0, 0, 2, 5)": [-0.00016746326119513634, 0.03151876105526974, -0.0008084506161560824, 0.0014848678172218865, 0.004740213451597962], "(0, 0, 2, 1)": [0.09062500054454053, 0.09213698774304246, 0.08955259072318253, 0.09004479395816947, 0.08499777206338929], "(-1, 0, -2, -2)": [0.007897851737961592, 0.016716614266319093, 0.0456016378304838, 0.033505072265226934, 0.026484807999100125], "(-1, 0, -2, -3)": [0.0030574260022325963, 0.005136465518115238, -0.00014386016703189048, 0.004600697087001282, 0.010639805620932594], "(-1, 0, -3, -4)": [0.0033372065003612846, 0.00479542787823701, 0.001331257713658234, 0.00034349838851066615, 0.0009303271217360248], "(0, 0, 1, -1)": [0.07348964989030485, 0.07856624070384212, 0.08376639834428258, 0.07468480101265249, 0.08298813796351376], "(0, 0, 3, 6)": [-0.0021881099790334703, -0.000909190789319721, 0.006839845177953307, 2.2814257349819097e-05, 0.0], "(0, 0, 3, 3)": [0.08655369512605894, 0.07121910072789783, 0.058183461961997446, 0.05300838480595084, 0.03695744645602501], "(0, 0, 4, 6)": [0.007871625923498401, -0.0006836956991793982, 0.003268856261185112, 0.001265036728524101, 0.004906340059537077], "(1, 0, 2, 3)": [0.023533228577302258, 0.00031850002997664247, 0.0020075871988457328, 0.0039181785127439805, 0.0029431021016771424], "(0, 0, -3, -2)": [0.02527567521602141, 0.006625513620605098, 0.033182856616385446, 0.06262367789400355, 0.029583716647227254], "(0, 0, -2, 0)": [0.05972013143468827, 0.047069558378106294, 0.050955753320833574, 0.08359285767425917, 0.029446392421535267], "(0, 0, -1, 2)": [0.001182111250643996, 0.03752704693430521, 0.026041813998118297, -0.002187906205654144, -0.0034157206416130063], "(0, 0, 0, 3)": [0.025074558361315738, 0.04362052042913073, 0.011851772867461911, 0.006699173014943156, 0.0039372342502656055], "(0, 0, -4, -5)": [0.007369727423293556, 0.005967156411895795, 0.016239461689067664, 0.013300141299203337, 0.02607841693608993], "(1, 0, 3, 4)": [0.001902756953203264, 0.0009198707460003905, 0.0025843660143434074, 0.00034978536810662984, 0.0009467415940016509], "(0, 0, 3, 2)": [0.021891308762172518, 0.07518278102006924, 0.02352613552538028, 0.028650706826004697, 0.00699393276324424], "(0, 0, 2, 0)": [0.08150276467834526, 0.07208364471937961, 0.07025067707544454, 0.06929419869204242, 0.07777334583400108], "(0, 0, 3, 1)": [0.011165980996645997, 0.026464273469656092, 0.008981877767702897, 0.005216891167113518, 0.0], "(0, 0, 0, -3)": [0.004311606189214501, 0.018564593110721055, 0.007406568726533556, 0.022036263018121675, 0.04600558990867251], "(0, 0, -1, -4)": [0.0008272065781056881, -0.0035455739110831614, 0.006847261154099192, 0.004758012721290621, 0.02145486449714907], "(1, 0, 1, 2)": [0.0233074272282056, 0.00445694840475225, 0.008606578772475922, 0.002597414650210476, 0.012789968651568702], "(1, 0, 0, 1)": [0.007580739043891298, 0.0432871451523982, -0.001069611787760804, 0.0030037540615703837, 0.0068745334770865425], "(1, 0, 1, 1)": [0.07048463996711332, 0.03706261300671722, 0.056802766605174006, 0.041944466283677886, 0.0316866691456831], "(-1, 0, -2, -1)": [0.024671956082157123, 0.03830444086142484, 0.03866422281986642, 0.048373798312318216, 0.0640073185227509], "(-1, 0, -1, 1)": [0.04488623435422083, 0.04719894991406645, 0.034586937180501424, 0.03825781029123398, 0.0275580220545755], "(-1, 0, -2, 0)": [0.023084096282956993, 0.06052983374793805, 0.02942344075999786, 0.033907605987358556, 0.023353995850056788], "(-1, 0, -1, 0)": [0.06265855076783523, 0.04087087432839043, 0.04954658898953265, 0.058671280012734466, 0.05069812270222771], "(-1, 0, 0, 2)": [0.05845411200638925, 0.02637471384229973, 0.02087552847698541, 0.02353745723485256, 0.01455413268023276], "(-1, 0, 0, 3)": [0.0068426961813870795, 0.007206187657139047, 0.0051837012385821165, 0.0061422625950777986, 0.00491775255756575], "(-1, 0, 1, 4)": [0.011538421597814633, -0.0026031594810545797, 0.0011478619887334875, -6.80724991920993e-05, 0.0014041087798840651], "(-1, 0, 1, 5)": [-0.002202332392334938, 0.000907559814862907, 0.0, 0.0, 0.0], "(0, 0, -3, -6)": [-0.0022209784016013145, 0.0, -0.002204522676765919, 0.0, 0.010388977604300097], "(-1, 0, 0, 1)": [0.03964635298717072, 0.05017048015677455, 0.06506574934216977, 0.037796421991103134, 0.040790174737631545],