{"q_values": {"(0, 0, 0, 0)": [0.09445835787138221, 0.09559031272191995, 0.09623377000947612, 0.09484344786257966, 0.09538480948323778], "(0, 0, 1, 1)": [0.09191357383894515, 0.09538335598233867, 0.09485713928389737, 0.09391458821385945, 0.09421534704530535], "(0, 0, 1, 2)": [0.0858355876149641, 0.09267998822660319, 0.08122791719425206, 0.08303040490338048, 0.08116440138257272], "(0, 0, 2, 2)": [0.0954046152454286, 0.09096201975001394, 0.09168425601180326, 0.0937611992013175, 0.08902224547975349], "(0, 0, 2, 3)": [0.09408636583380783, 0.09272111307514959, 0.08637152178111344, 0.09040671653730334, 0.08169222773007803], "(0, 0, 2, 4)": [0.06755532165296815, 0.0770176771799901, 0.0592664801395616, 0.07195911991896017, 0.032879231113337265], "(0, 0, 0, 1)": [0.0942847144740038, 0.09261831434221993, 0.0912177673052104, 0.08149434367675985, 0.09027469795879221], "(0, 0, -1, -2)": [0.08819327853131019, 0.09193673135085065, 0.09372591040338438, 0.09031718824424594, 0.09480627594313654], "(0, 0, 0, -1)": [0.08687555934307452, 0.08972186351422823, 0.09045647810898355, 0.09332550406933228, 0.08436818874759523], "(0, 0, -1, -1)": [0.09406516074794728, 0.09446605804045038, 0.09454041730733025, 0.09463651758705405, 0.09379647739177593], "(0, 0, 3, 4)": [0.08906778119417696, 0.08493678048551925, 0.07787338397760332, 0.0698515470270271, 0.04348165317355029], "(0, 0, -1, 0)": [0.08848701901080874, 0.08960171737266247, 0.09052964853238445, 0.09002019589049631, 0.08961262731737986], "(0, 0, -2, -2)": [0.0921358744963787, 0.09082949588424423, 0.09415949633045832, 0.09279493280484305, 0.09198897161865174], "(0, 0, -2, -3)": [0.0799608456409438, 0.08387794621931077, 0.08441673085826576, 0.08274803339247246, 0.0936655173765347], "(0, 0, 1, 3)": [0.08156695296962999, 0.0664908804560509, 0.06521941682651429, 0.06885280080661756, 0.06902275676947504], "(0, 0, 0, 2)": [0.0861080308093477, 0.07502873550377798, 0.06260306112847151, 0.07341069563838436, 0.06741245272455779], "(0, 0, -2, -1)": [0.08891874383885877, 0.08263568980918658, 0.0890289994941664, 0.09089554516107923, 0.08750015904774122], "(0, 0, -1, 1)": [0.0745278590768447, 0.0848669047167611, 0.07535991077752299, 0.07523928264959427, 0.068645349317498], "(0, 0, 3, 5)": [0.03537544773187717, 0.03168683247871743, 0.04092487406528615, 0.0375220411642199, 0.008686129912085429], "(0, 0, 1, 0)": [0.09128974317102122, 0.0906408406053485, 0.09179206428126112, 0.0918321803554623, 0.08999670704872957], "(0, 0, -1, -3)": [0.06351120752487675, 0.06374329248702659, 0.06212817394552397, 0.06305028050036533, 0.07857165681017074], "(0, 0, 0, -2)": [0.04608205714177005, 0.06505406783626078, 0.06871671885356882, 0.05934197425470978, 0.0776458029110535], "(0, 0, -3, -3)": [0.06389589263288714, 0.049856898301150816, 0.06078214881763462, 0.09138475804817049, 0.07935997377233243], "(0, 0, 1, 4)": [0.024254664612722243, 0.016823229397930784, 0.009796157233198273, 0.011241204205709626, 0.002058673752986765], "(0, 0, -2, -4)": [0.04990817559733519, 0.07075828761034227, 0.06564110392171069, 0.06883526761743486, 0.06540628285011091], "(0, 0, -3, -4)": [0.061706033762063336, 0.08163823486233597, 0.06369891074434993, 0.07687081193065486, 0.09133935128249042], "(0, 0, -3, -5)": [0.019529911925596836, 0.02862501025858578, 0.06447952330770408, 0.0494827400739626, 0.08245247341932224], "(0, 0, -4, -6)": [-0.002233068458735943, 0.005571687659288121, 0.006470760765487317, 0.0012548827632507982, 0.012517921020874996], "(-1, 0, -4, -6)": [0.0, -0.002184409275650978, 0.0, 0.0, 0.0], "(0, 0, 4, 5)": [0.019572590372386546, 0.008807086183244255, 0.0029778258922511227, 0.002850184251679433, 0.0008934879207259652], "(0, 0, 2, 5)": [-0.00016746326119513634, 0.02683702088989295, -0.0008084506161560824, 0.0014848678172218865, 0.0033026970860266978], "(0, 0, 2, 1)": [0.09074516589759497, 0.09067187958620858, 0.08892630568247394, 0.09099225152948434, 0.08834547405799743], "(-1, 0, -2, -2)": [0.007897851737961592, 0.006034175053996975, 0.029630913092484123, 0.0261905640023923, 0.01020086308084512], "(-1, 0, -2, -3)": [0.0030574260022325963, 0.008136903095508368, -0.00014386016703189048, 0.001637360048442671, 0.0053051734446944365], "(-1, 0, -3, -4)": [0.0033372065003612846, 0.00479542787823701, 0.001331257713658234, 0.00034349838851066615, 0.0009303271217360248], "(0, 0, 1, -1)": [0.0749584364260194, 0.07760555400624948, 0.07728177478080245, 0.07609983390343775, 0.07781544680219295], "(0, 0, 3, 6)": [-0.0021881099790334703, -0.000909190789319721, 0.010018107002449107, 2.2814257349819097e-05, 0.0], "(0, 0, 3, 3)": [0.07997278568962718, 0.07121910072789783, 0.05423986887648711, 0.049668313891545225, 0.03695744645602501], "(0, 0, 4, 6)": [0.007871625923498401, -0.0006836956991793982, 0.003268856261185112, 0.001265036728524101, 0.004906340059537077], "(1, 0, 2, 3)": [0.015059588833141284, 0.00031850002997664247, 0.0020075871988457328, 0.0027186947913729297, 0.0029431021016771424], "(0, 0, -3, -2)": [0.02598598849247192, 0.006625513620605098, 0.033182856616385446, 0.059469931557720235, 0.029583716647227254], "(0, 0, -2, 0)": [0.05972013143468827, 0.04170362421474568, 0.0476032800927808, 0.07498271080194636, 0.035139658290602116], "(0, 0, -1, 2)": [0.001182111250643996, 0.03873283561624195, 0.026041813998118297, -0.002187906205654144, -0.0034157206416130063], "(0, 0, 0, 3)": [0.01876398424437513, 0.03887883028293208, 0.011851772867461911, 0.006699173014943156, 0.0039372342502656055], "(0, 0, -4, -5)": [0.007369727423293556, 0.005967156411895795, 0.016239461689067664, 0.013300141299203337, 0.02607841693608993], "(1, 0, 3, 4)": [0.001902756953203264, 0.0009198707460003905, 0.0025843660143434074, 0.00034978536810662984, 0.0009467415940016509], "(0, 0, 3, 2)": [0.021891308762172518, 0.07189275519384608, 0.02352613552538028, 0.017308133099811406, 0.00699393276324424], "(0, 0, 2, 0)": [0.08216106156277539, 0.06139988481432077, 0.060988488548872254, 0.06684238122127154, 0.07714162873559594], "(0, 0, 3, 1)": [0.011165980996645997, 0.020675911306629453, 0.008981877767702897, 0.005216891167113518, 0.0], "(0, 0, 0, -3)": [0.001708810542069702, 0.011803166462016191, 0.001898896317004173, 0.022036263018121675, 0.047503023525991735], "(0, 0, -1, -4)": [0.0008272065781056881, -0.0035455739110831614, 0.006847261154099192, 0.00771657238608205, 0.02145486449714907], "(1, 0, 1, 2)": [0.005681073940706389, 0.00445694840475225, 0.0073361980473855915, 0.002597414650210476, 0.012789968651568702], "(1, 0, 0, 1)": [0.0008795641362667084, 0.011356707757727947, 0.0, 0.0024012248186166835, 0.005088022950516448], "(1, 0, 1, 1)": [0.05407362017093309, 0.027933698968501806, 0.02714319660847084, 0.02585095961359518, 0.02031072577939362], "(-1, 0, -2, -1)": [0.021506847189006525, 0.03138207683756423, 0.023804998528263083, 0.035137359258412985, 0.04908431810618759], "(-1, 0, -1, 1)": [0.034156848950166054, 0.04485108683492194, 0.02035686706784751, 0.024349906648993527, 0.01785502383518223], "(-1, 0, -2, 0)": [0.01695790142761827, 0.03967160780266488, 0.022310691676710893, 0.0238140208880842, 0.011396093228768493], "(-1, 0, -1, 0)": [0.0504439024372775, 0.026956685203098046, 0.032087508899232266, 0.04607114095445415, 0.03379572008856362], "(-1, 0, 0, 2)": [0.04057276461095149, 0.020470235128318894, 0.016915547162665877, 0.013599179048797193, 0.011994269463282655], "(-1, 0, 0, 3)": [0.0068426961813870795, 0.007206187657139047, 0.0051837012385821165, 0.0061422625950777986, 0.00491775255756575], "(-1, 0, 1, 4)": [0.010018392540946955, -0.0026031594810545797, 0.0011478619887334875, -6.80724991920993e-05, -0.0031430044179679827], "(-1, 0, 1, 5)": [-0.002202332392334938, 0.000907559814862907, 0.0, 0.0, 0.0], "(0, 0, -3, -6)": [-0.0022209784016013145, 0.0, -0.002204522676765919, 0.0, 0.010388977604300097], "(-1, 0, 0, 1)": [0.0314451367093508, 0.02805746858403783, 0.06880597714421391, 0.030394017639258603, 0.03209038582776174],